Total de boletos que ja  que atrasou,qtd atrasou mais de 30 dias,qtd atrasou mais de 10 dias,Pagador
32,1,1,1
3,1,2,1
24,1,1,1
0,1,0,2
0,0,0,2
24,0,2,1
81,0,0,0
102,0,1,0
0,3,0,1
0,0,0,2
11,0,0,2
0,0,0,2
0,3,0,1
9,0,3,1
2,1,1,1
0,2,0,1
0,3,0,1
3,2,1,1
9,0,1,1
0,1,0,2
0,0,0,2
10,0,1,1
0,0,0,2
3,2,1,1
11,0,1,1
22,2,0,1
9,0,3,1
11,1,1,1
2,1,2,1
0,1,0,2
0,0,0,2
0,0,0,2
6,1,1,1
0,1,0,2
0,0,0,2
21,0,0,2
11,0,2,1
25,0,1,1
22,1,0,2
11,0,2,1
2,2,1,1
6,1,2,1
0,3,0,1
5,0,1,1
1,0,1,1
0,0,0,2
0,0,0,2
24,0,0,2
0,0,0,2
6,1,2,1
9,2,1,1
0,2,0,1
4,1,2,1
6,0,3,1
23,0,1,1
0,1,0,2
0,0,0,2
0,0,0,2
0,1,0,2
0,1,0,2
0,1,0,2
0,1,0,2
1,0,1,1
16,0,0,2
9,1,2,1
21,2,0,1
12,0,2,1
19,0,2,1
0,2,0,1
23,1,0,2
7,0,2,1
4,0,2,1
7,0,2,1
15,1,1,1
2,2,1,1
2,1,1,1
23,0,0,2
12,1,1,1
0,0,0,2
0,1,0,2
5,0,1,1
0,0,0,2
0,1,0,2
0,1,0,2
0,1,0,2
1,0,1,1
0,0,0,2
0,0,0,2
0,0,0,2
0,2,0,1
5,1,1,1
21,1,0,2
47,1,0,1
4,2,1,1
23,0,0,2
2,1,2,1
15,1,0,2
7,0,3,1
11,1,0,2
15,0,2,1
33,1,0,2
4,1,2,1
11,0,2,1
3,1,1,1
18,1,0,2
3,0,3,1
12,0,1,1
2,2,1,1
0,1,0,2
0,0,0,2
0,0,0,2
0,0,0,2
0,0,0,2
0,0,0,2
0,0,0,2
4,0,1,1
0,0,0,2
4,0,1,1
58,1,0,1
0,3,0,1
6,1,1,1
11,1,1,1
21,0,0,2
1,2,1,1
13,0,1,1
47,0,0,1
6,0,3,1
46,0,0,1
2,1,1,1
4,1,2,1
24,1,1,1
0,3,0,1
4,1,1,1
4,2,1,1
21,1,0,2
15,0,1,1
11,0,2,1
1,2,1,1
1,2,1,1
10,0,3,1
0,2,0,1
21,0,1,1
0,3,0,1
32,1,1,1
0,0,0,2
0,0,0,2
0,0,0,2
0,0,0,2
0,0,0,2
0,0,0,2
0,1,0,2
0,0,0,2
7,0,1,1
0,1,0,2
0,0,0,2
0,0,0,2
0,0,0,2
0,0,0,2
0,0,0,2
0,0,0,2
26,1,0,2
1,2,1,1
23,1,0,2
11,1,1,1
20,0,0,2
4,1,2,1
19,0,0,2
46,0,0,1
13,1,1,1
3,2,1,1
6,2,1,1
6,1,2,1
20,1,0,2
37,0,2,1
11,1,1,1
21,0,0,2
53,1,1,1
2,1,1,1
15,0,1,1
11,0,2,1
7,1,2,1
3,2,1,1
14,0,2,1
11,2,0,1
27,0,0,2
0,2,0,1
7,1,2,1
0,0,0,2
0,0,0,2
0,0,0,2
0,0,0,2
0,1,0,2
0,0,0,2
0,1,0,2
0,1,0,2
0,1,0,2
0,1,0,2
0,0,0,2
0,0,0,2
0,0,0,2
0,0,0,2
0,0,0,2
0,0,0,2
0,1,0,2
0,1,0,2
0,0,0,2
14,0,0,2
0,0,0,2
0,0,0,2
0,1,0,2
0,0,0,2
0,0,0,2
0,0,0,2
0,0,0,2
0,0,0,2
0,0,0,2
0,0,0,2
0,0,0,2
0,0,0,2
0,0,0,2
0,0,0,2
0,0,0,2
3,0,1,1
0,0,0,2
0,0,0,2
0,0,0,2
0,0,0,2
0,1,0,2
0,0,0,2
0,0,0,2
0,0,0,2
0,0,0,2
0,1,0,2
0,0,0,2
0,1,0,2
0,0,0,2
0,0,0,2
0,0,0,2
0,0,0,2
4,0,1,1
0,1,0,2
0,0,0,2
0,0,0,2
19,0,0,2
10,1,1,1
5,0,3,1
1,2,1,1
32,0,0,2
17,0,0,2
16,0,1,1
0,3,0,1
2,2,1,1
0,3,0,1
2,2,1,1
0,2,0,1
37,0,1,1
11,1,1,1
3,1,2,1
21,0,1,1
2,1,2,1
15,0,1,1
13,1,0,2
9,0,3,1
14,0,1,1
0,2,0,1
0,3,0,1
28,0,0,2
4,1,1,1
27,1,1,1
41,0,1,1
0,0,0,2
0,1,0,2
0,1,0,2
0,0,0,2
0,0,0,2
0,1,0,2
0,0,0,2
0,1,0,2
0,1,0,2
0,0,0,2
4,0,1,1
0,0,0,2
0,0,0,2
0,0,0,2
0,0,0,2
0,0,0,2
0,0,0,2
0,0,0,2
0,1,0,2
0,1,0,2
0,0,0,2
0,0,0,2
0,1,0,2
0,0,0,2
0,0,0,2
0,0,0,2
0,0,0,2
0,0,0,2
6,0,1,1
7,0,1,1
0,0,0,2
3,0,1,1
6,0,1,1
0,0,0,2
0,0,0,2
0,0,0,2
0,1,0,2
0,1,0,2
4,0,1,1
0,0,0,2
0,0,0,2
0,1,0,2
0,0,0,2
0,1,0,2
0,1,0,2
3,0,1,1
0,1,0,2
0,0,0,2
0,0,0,2
19,0,0,2
0,0,0,2
6,0,1,1
0,0,0,2
0,0,0,2
0,0,0,2
0,0,0,2
0,0,0,2
4,0,1,1
0,1,0,2
0,0,0,2
0,0,0,2
0,1,0,2
0,0,0,2
0,0,0,2
0,0,0,2
0,1,0,2
0,0,0,2
0,0,0,2
13,0,0,2
0,0,0,2
0,0,0,2
0,0,0,2
0,0,0,2
0,0,0,2
26,0,0,2
6,0,3,1
5,1,1,1
4,1,1,1
23,1,0,2
0,2,0,1
0,2,0,1
5,0,3,1
32,0,0,2
7,1,1,1
17,0,1,1
25,1,0,2
59,2,0,1
0,2,0,1
0,3,0,1
0,3,0,1
0,2,0,1
41,1,0,1
6,1,1,1
26,0,1,1
31,0,1,1
0,2,0,1
21,0,1,1
2,2,1,1
4,1,1,1
15,0,1,1
13,1,0,2
0,2,0,1
0,2,0,1
0,2,0,1
0,3,0,1
0,2,0,1
21,0,0,2
0,2,0,1
0,2,0,1
11,2,0,1
0,3,0,1
8,2,1,1
1,2,1,1
29,0,0,2
11,1,1,1
3,1,1,1
27,0,1,1
1,2,1,1
5,1,1,1
0,1,0,2
0,2,0,1
0,0,0,2
0,1,0,2
0,1,0,2
0,0,0,2
17,0,0,2
1,0,1,1
0,1,0,2
0,0,0,2
0,0,0,2
0,1,0,2
0,0,0,2
0,0,0,2
0,0,0,2
7,0,1,1
0,1,0,2
0,1,0,2
0,1,0,2
7,0,1,1
0,0,0,2
4,0,1,1
0,1,0,2
9,0,1,1
0,0,0,2
0,0,0,2
0,0,0,2
4,0,1,1
0,1,0,2
0,1,0,2
0,0,0,2
4,0,1,1
0,1,0,2
0,0,0,2
0,0,0,2
0,0,0,2
0,0,0,2
0,1,0,2
0,0,0,2
0,1,0,2
2,0,1,1
0,1,0,2
0,0,0,2
3,0,1,1
0,1,0,2
0,1,0,2
0,1,0,2
0,0,0,2
1,0,1,1
0,1,0,2
0,1,0,2
0,0,0,2
0,1,0,2
10,0,1,1
0,0,0,2
0,1,0,2
9,0,1,1
0,0,0,2
0,0,0,2
3,0,1,1
3,0,1,1
0,1,0,2
0,0,0,2
4,0,1,1
0,1,0,2
0,0,0,2
2,0,1,1
14,0,0,2
9,0,1,1
0,0,0,2
0,0,0,2
0,0,0,2
10,0,1,1
0,0,0,2
0,0,0,2
0,1,0,2
4,0,1,1
0,0,0,2
0,1,0,2
0,0,0,2
0,0,0,2
3,0,1,1
0,1,0,2
0,1,0,2
1,0,1,1
0,1,0,2
2,2,1,1
0,2,0,1
0,2,0,1
0,2,0,1
11,1,1,1
0,2,0,1
3,2,1,1
14,1,0,2
0,2,0,1
12,0,2,1
9,0,2,1
1,1,2,1
0,2,0,1
26,0,1,1
0,3,0,1
1,1,1,1
0,3,0,1
4,1,1,1
0,2,0,1
2,1,1,1
25,1,0,2
3,2,1,1
3,2,1,1
14,1,0,2
7,2,1,1
7,1,2,1
15,1,0,2
2,2,1,1
4,1,1,1
3,1,2,1
0,3,0,1
0,3,0,1
8,1,2,1
0,2,0,1
0,3,0,1
7,1,2,1
26,0,0,2
0,2,0,1
4,1,1,1
3,2,1,1
2,2,1,1
0,2,0,1
3,1,1,1
2,2,1,1
4,2,1,1
0,2,0,1
29,1,0,2
30,0,0,2
14,1,0,2
0,3,0,1
11,2,0,1
0,2,0,1
0,2,0,1
8,2,1,1
12,2,0,1
22,1,0,2
0,3,0,1
10,0,2,1
25,0,0,2
18,2,0,1
3,0,3,1
0,2,0,1
0,2,0,1
0,3,0,1
0,3,0,1
11,1,1,1
1,2,1,1
0,2,0,1
3,1,1,1
21,0,0,2
12,1,1,1
7,1,2,1
0,3,0,1
29,0,0,2
0,2,0,1
0,3,0,1
0,2,0,1
0,2,0,1
14,0,1,1
1,2,1,1
15,1,1,1
27,0,0,2
0,2,0,1
0,2,0,1
1,2,1,1
6,1,2,1
16,1,1,1
0,3,0,1
2,2,1,1
0,2,0,1
10,0,2,1
16,1,0,2
0,0,0,2
0,0,0,2
0,0,0,2
0,0,0,2
5,0,1,1
0,1,0,2
23,0,0,2
0,1,0,2
0,0,0,2
0,1,0,2
0,0,0,2
0,1,0,2
0,0,0,2
2,0,1,1
0,1,0,2
0,0,0,2
0,1,0,2
0,1,0,2
0,1,0,2
0,1,0,2
0,1,0,2
7,0,1,1
0,1,0,2
19,0,0,2
0,1,0,2
0,1,0,2
0,1,0,2
0,0,0,2
0,1,0,2
5,0,1,1
5,0,1,1
0,1,0,2
14,0,0,2
5,0,1,1
0,2,0,1
0,0,0,2
0,1,0,2
2,1,1,1
0,1,0,2
0,0,0,2
0,0,0,2
0,1,0,2
0,1,0,2
27,0,0,2
0,0,0,2
0,1,0,2
0,1,0,2
0,0,0,2
0,0,0,2
0,1,0,2
0,1,0,2
7,0,1,1
8,0,1,1
7,0,1,1
0,1,0,2
0,1,0,2
0,1,0,2
0,1,0,2
0,1,0,2
0,0,0,2
0,0,0,2
7,0,1,1
12,0,0,2
22,0,0,2
0,0,0,2
0,1,0,2
0,1,0,2
0,1,0,2
7,0,1,1
0,0,0,2
15,0,0,2
6,0,1,1
9,0,2,1
0,0,0,2
5,1,2,1
0,3,0,1
0,2,0,1
10,1,2,1
0,2,0,1
3,2,1,1
0,2,0,1
7,2,1,1
1,1,1,1
4,2,1,1
0,3,0,1
6,2,1,1
0,2,0,1
2,2,1,1
1,1,1,1
0,2,0,1
8,2,1,1
4,0,2,1
12,0,2,1
0,3,0,1
12,0,1,1
0,2,0,1
1,2,1,1
37,0,1,1
0,2,0,1
0,3,0,1
0,2,0,1
7,1,2,1
22,0,1,1
0,3,0,1
21,1,0,2
25,0,0,2
6,1,2,1
0,3,0,1
10,0,2,1
11,2,0,1
0,3,0,1
29,1,0,2
6,2,1,1
1,2,1,1
0,3,0,1
8,0,2,1
4,1,1,1
0,3,0,1
0,3,0,1
16,0,2,1
3,2,1,1
0,2,0,1
15,1,1,1
0,2,0,1
1,1,1,1
15,1,1,1
13,1,0,2
0,2,0,1
0,3,0,1
0,2,0,1
0,3,0,1
0,3,0,1
0,3,0,1
10,0,2,1
0,2,0,1
0,3,0,1
5,2,1,1
0,2,0,1
0,2,0,1
8,2,1,1
12,0,2,1
0,3,0,1
13,2,0,1
0,3,0,1
3,2,1,1
30,0,1,1
0,3,0,1
12,2,0,1
9,1,2,1
29,0,0,2
7,2,1,1
23,0,1,1
7,0,2,1
4,0,2,1
0,3,0,1
2,2,1,1
40,0,1,1
0,2,0,1
5,1,1,1
16,1,0,2
7,1,1,1
10,2,1,1
0,2,0,1
5,1,1,1
3,1,2,1
1,1,1,1
7,1,1,1
5,1,1,1
7,1,2,1
2,0,3,1
16,1,0,2
6,1,1,1
4,1,1,1
23,2,0,1
14,0,1,1
2,2,1,1
0,3,0,1
8,0,2,1
3,0,3,1
9,0,2,1
0,3,0,1
77,0,1,1
0,2,0,1
36,0,1,1
13,1,1,1
20,1,0,2
13,2,0,1
18,1,0,2
9,0,3,1
9,0,2,1
8,0,2,1
1,2,1,1
12,2,0,1
23,0,1,1
22,2,0,1
11,0,2,1
10,1,2,1
0,2,0,1
0,2,0,1
0,2,0,1
6,2,1,1
3,0,2,1
1,1,1,1
21,0,1,1
8,1,2,1
0,3,0,1
3,2,1,1
1,2,1,1
2,0,2,1
3,1,1,1
0,3,0,1
19,0,0,2
4,1,1,1
0,3,0,1
0,3,0,1
4,1,2,1
21,0,1,1
1,2,1,1
0,3,0,1
16,1,1,1
10,1,1,1
0,3,0,1
14,2,0,1
12,0,2,1
18,1,0,2
0,0,0,2
26,0,0,2
0,0,0,2
0,0,0,2
0,0,0,2
24,0,0,2
0,2,0,1
0,0,0,2
3,0,1,1
0,0,0,2
6,0,1,1
24,0,0,2
0,0,0,2
2,0,1,1
13,0,0,2
0,0,0,2
20,0,0,2
0,0,0,2
0,0,0,2
5,0,1,1
23,0,0,2
2,0,1,1
0,0,0,2
2,0,1,1
0,0,0,2
10,0,1,1
0,0,0,2
6,1,2,1
20,0,0,2
0,0,0,2
2,0,1,1
35,1,1,1
5,1,2,1
0,3,0,1
4,2,1,1
0,3,0,1
0,3,0,1
0,2,0,1
22,2,0,1
6,1,1,1
15,1,1,1
8,1,2,1
0,3,0,1
7,2,1,1
3,2,1,1
4,1,2,1
2,2,1,1
85,0,0,1
9,1,2,1
4,0,3,1
12,0,1,1
0,3,0,1
2,2,1,1
2,2,1,1
5,2,1,1
4,2,1,1
24,2,0,1
0,3,0,1
7,2,1,1
2,1,1,1
4,2,1,1
32,0,2,1
7,1,2,1
5,0,3,1
0,2,0,1
0,2,0,1
2,1,2,1
17,0,1,1
11,1,1,1
2,2,1,1
10,2,1,1
2,2,1,1
2,2,1,1
23,0,2,1
11,1,1,1
4,2,1,1
10,1,2,1
10,0,3,1
9,1,2,1
0,3,0,1
0,3,0,1
2,2,1,1
14,2,0,1
0,2,0,1
15,0,2,1
2,2,1,1
5,0,3,1
4,1,2,1
0,3,0,1
4,1,2,1
2,1,1,1
19,0,1,1
13,1,0,2
4,2,1,1
0,2,0,1
19,2,0,1
5,1,1,1
17,1,0,2
2,1,1,1
2,2,1,1
10,0,3,1
2,2,1,1
7,0,2,1
0,3,0,1
0,2,0,1
13,1,1,1
10,1,1,1
0,3,0,1
0,3,0,1
23,0,1,1
13,1,0,2
3,1,2,1
0,3,0,1
30,0,2,1
2,1,1,1
2,1,1,1
15,2,0,1
16,1,0,2
6,1,1,1
13,1,1,1
14,0,2,1
4,1,2,1
0,3,0,1
1,2,1,1
23,0,2,1
7,0,3,1
2,1,2,1
3,2,1,1
0,3,0,1
2,2,1,1
2,2,1,1
2,1,2,1
0,3,0,1
0,3,0,1
2,1,1,1
0,2,0,1
33,0,2,1
8,2,1,1
1,2,1,1
5,1,2,1
27,1,0,2
1,1,2,1
11,1,1,1
2,0,3,1
0,2,0,1
0,2,0,1
7,1,2,1
7,0,3,1
13,1,1,1
24,1,1,1
2,1,1,1
0,3,0,1
13,2,0,1
7,1,2,1
22,1,1,1
0,3,0,1
3,0,3,1
2,1,1,1
2,1,2,1
14,1,1,1
0,3,0,1
0,3,0,1
6,1,2,1
23,1,0,2
17,0,1,1
0,3,0,1
1,2,1,1
8,0,3,1
6,0,3,1
5,2,1,1
9,0,3,1
0,3,0,1
5,1,1,1
77,0,0,1
2,2,1,1
10,0,2,1
0,3,0,1
1,2,1,1
2,1,1,1
0,3,0,1
0,3,0,1
13,1,1,1
9,0,2,1
9,0,3,1
8,2,1,1
6,1,1,1
18,2,0,1
13,0,2,1
2,2,1,1
10,0,3,1
12,1,1,1
23,0,1,1
0,2,0,1
0,3,0,1
7,0,3,1
23,0,2,1
16,2,0,1
3,1,2,1
14,0,2,1
22,0,1,1
19,0,1,1
1,2,1,1
6,1,2,1
8,2,1,1
7,0,3,1
2,1,2,1
23,0,2,1
2,1,2,1
4,1,2,1
26,0,0,2
1,2,1,1
24,1,1,1
9,1,2,1
8,0,3,1
1,2,1,1
3,2,1,1
0,3,0,1
16,0,2,1
1,2,1,1
1,2,1,1
14,1,1,1
12,0,2,1
0,0,0,2
0,0,0,2
0,0,0,2
0,0,0,2
2,0,1,1
0,0,0,2
2,1,1,1
0,0,0,2
0,0,0,2
0,1,0,2
10,0,1,1
4,0,1,1
0,0,0,2
0,0,0,2
0,1,0,2
0,1,0,2
0,1,0,2
10,0,1,1
0,0,0,2
2,0,1,1
0,0,0,2
0,1,0,2
2,1,1,1
0,1,0,2
2,0,1,1
0,3,0,1
6,1,1,1
0,3,0,1
0,3,0,1
35,0,1,1
0,3,0,1
5,1,2,1
9,2,1,1
0,3,0,1
1,2,1,1
1,1,2,1
19,2,0,1
0,3,0,1
0,2,0,1
6,2,1,1
28,2,0,1
0,3,0,1
21,1,1,1
0,3,0,1
0,3,0,1
30,0,1,1
3,2,1,1
2,2,1,1
0,3,0,1
20,0,2,1
0,3,0,1
1,2,1,1
21,2,0,1
28,1,1,1
0,3,0,1
4,2,1,1
2,2,1,1
0,3,0,1
8,0,3,1
0,3,0,1
0,3,0,1
1,2,1,1
0,3,0,1
0,3,0,1
0,3,0,1
5,1,2,1
0,3,0,1
2,1,1,1
55,0,0,1
0,3,0,1
0,3,0,1
30,0,2,1
14,1,1,1
0,3,0,1
11,1,1,1
0,3,0,1
0,3,0,1
2,1,1,1
0,3,0,1
12,0,0,2
14,2,0,1
13,1,0,2
8,1,2,1
7,1,2,1
0,3,0,1
2,2,1,1
0,3,0,1
60,1,0,1
22,1,1,1
7,1,2,1
0,3,0,1
0,2,0,1
0,3,0,1
0,3,0,1
0,3,0,1
16,2,0,1
1,2,1,1
0,3,0,1
40,1,1,1
0,2,0,1
5,1,2,1
32,0,1,1
7,2,1,1
1,2,1,1
7,0,3,1
5,0,3,1
2,2,1,1
7,2,1,1
0,3,0,1
0,3,0,1
0,3,0,1
2,1,1,1
2,1,1,1
0,3,0,1
3,0,2,1
2,2,1,1
16,0,1,1
0,3,0,1
2,1,1,1
0,3,0,1
0,3,0,1
4,1,2,1
0,3,0,1
4,1,2,1
5,1,2,1
84,2,0,1
0,3,0,1
0,3,0,1
0,3,0,1
8,1,2,1
29,1,0,2
14,0,2,1
4,1,2,1
0,3,0,1
2,2,1,1
0,3,0,1
2,1,2,1
2,2,1,1
4,2,1,1
16,0,2,1
0,3,0,1
3,1,2,1
0,3,0,1
4,2,1,1
3,2,1,1
2,1,2,1
8,0,2,1
0,3,0,1
0,3,0,1
2,2,1,1
2,2,1,1
11,0,2,1
3,1,2,1
9,1,2,1
2,1,1,1
55,0,0,1
0,3,0,1
0,3,0,1
8,2,1,1
2,2,1,1
2,0,2,1
2,1,2,1
19,1,1,1
2,2,1,1
2,2,1,1
2,1,2,1
2,2,1,1
2,1,1,1
11,1,1,1
17,1,0,2
10,0,3,1
0,3,0,1
0,3,0,1
10,1,2,1
2,1,2,1
9,0,3,1
0,3,0,1
14,0,2,1
8,2,1,1
0,3,0,1
0,3,0,1
15,0,1,1
2,2,1,1
23,0,0,2
15,0,0,2
2,1,1,1
7,1,2,1
1,2,1,1
29,0,1,1
15,2,0,1
2,2,1,1
9,0,3,1
6,1,2,1
17,0,1,1
6,1,2,1
2,2,1,1
4,1,1,1
7,2,1,1
2,2,1,1
10,0,3,1
2,1,2,1
3,2,1,1
11,1,1,1
23,0,1,1
9,0,3,1
2,0,3,1
2,1,2,1
3,1,2,1
2,0,3,1
2,1,2,1
0,2,0,1
4,2,1,1
39,2,0,1
18,2,0,1
4,1,2,1
1,2,1,1
1,2,1,1
0,3,0,1
0,3,0,1
4,1,2,1
6,2,1,1
8,1,2,1
2,2,1,1
0,2,0,1
16,0,1,1
2,2,1,1
7,0,2,1
19,2,0,1
17,2,0,1
24,0,1,1
11,0,2,1
0,3,0,1
13,1,0,2
29,2,0,1
0,3,0,1
4,0,3,1
4,1,2,1
44,0,0,1
6,1,2,1
14,0,2,1
0,3,0,1
2,2,1,1
0,3,0,1
6,1,2,1
2,2,1,1
0,3,0,1
23,0,0,2
17,0,1,1
6,2,1,1
7,1,2,1
0,3,0,1
8,0,3,1
0,2,0,1
0,3,0,1
14,0,2,1
6,1,2,1
6,0,3,1
0,2,0,1
2,1,2,1
0,3,0,1
4,2,1,1
0,3,0,1
0,3,0,1
2,1,2,1
3,1,2,1
14,1,1,1
4,2,1,1
5,1,2,1
0,3,0,1
8,1,2,1
36,0,1,1
18,2,0,1
7,2,1,1
41,0,0,1
34,1,1,1
22,0,1,1
30,1,0,2
7,0,2,1
9,0,3,1
8,1,2,1
9,2,1,1
0,3,0,1
6,1,2,1
10,0,3,1
15,0,1,1
23,0,1,1
4,1,2,1
0,3,0,1
14,2,0,1
0,3,0,1
0,3,0,1
0,3,0,1
7,0,3,1
2,2,1,1
0,3,0,1
2,2,1,1
1,2,1,1
0,3,0,1
0,3,0,1
0,3,0,1
23,0,1,1
18,1,0,2
2,1,2,1
0,3,0,1
14,0,2,1
1,2,1,1
6,2,1,1
19,0,1,1
1,2,1,1
2,1,2,1
8,1,2,1
5,0,3,1
23,1,1,1
1,2,1,1
2,1,2,1
3,1,2,1
3,1,2,1
0,3,0,1
0,3,0,1
1,2,1,1
1,2,1,1
11,2,0,1
26,0,0,2
2,1,2,1
9,0,3,1
13,1,1,1
4,1,2,1
3,1,2,1
3,1,2,1
0,3,0,1
4,1,2,1
2,1,2,1
4,2,1,1
62,1,1,1
1,2,1,1
15,0,1,1
12,0,2,1
2,2,1,1
0,1,0,2
0,0,0,2
0,0,0,2
0,0,0,2
0,1,0,2
0,0,0,2
0,0,0,2
0,0,0,2
0,0,0,2
0,1,0,2
0,0,0,2
0,0,0,2
12,0,1,1
0,0,0,2
0,0,0,2
0,0,0,2
0,0,0,2
0,1,0,2
0,0,0,2
0,0,0,2
0,0,0,2
0,1,0,2
0,1,0,2
0,0,0,2
21,0,0,2
0,0,0,2
0,2,0,1
0,1,0,2
0,0,0,2
7,1,1,1
0,1,0,2
0,0,0,2
0,0,0,2
0,0,0,2
0,0,0,2
0,1,0,2
0,0,0,2
10,2,1,1
10,1,2,1
10,2,1,1
5,2,1,1
13,2,0,1
25,1,1,1
19,1,1,1
6,2,1,1
5,2,1,1
21,1,0,2
28,0,1,1
11,2,0,1
2,1,2,1
0,2,0,1
2,1,2,1
6,2,1,1
4,2,1,1
2,2,1,1
5,1,2,1
0,3,0,1
9,2,1,1
6,2,1,1
9,1,2,1
30,0,1,1
14,1,1,1
2,2,1,1
11,0,2,1
2,1,2,1
4,1,2,1
12,0,0,2
7,2,1,1
8,0,3,1
7,1,2,1
2,0,3,1
27,0,1,1
3,2,1,1
1,2,1,1
24,0,1,1
0,3,0,1
5,2,1,1
13,2,0,1
26,1,1,1
2,2,1,1
5,0,3,1
29,0,2,1
0,2,0,1
4,1,2,1
7,0,3,1
2,2,1,1
2,1,2,1
11,0,2,1
3,1,2,1
2,1,1,1
10,1,2,1
2,2,1,1
0,3,0,1
0,3,0,1
4,2,1,1
5,1,2,1
2,1,2,1
4,1,2,1
26,1,0,2
0,2,0,1
10,0,3,1
2,2,1,1
10,1,2,1
2,2,1,1
0,1,0,2
0,3,0,1
16,0,0,2
11,1,1,1
4,2,1,1
2,1,2,1
2,2,1,1
2,2,1,1
20,0,2,1
4,0,3,1
2,2,1,1
11,0,2,1
21,2,0,1
22,2,0,1
0,3,0,1
8,1,1,1
19,1,0,2
14,0,1,1
2,1,2,1
4,2,1,1
0,3,0,1
0,3,0,1
18,1,1,1
8,1,2,1
22,0,1,1
6,2,1,1
2,2,1,1
16,2,0,1
0,3,0,1
15,0,2,1
4,1,2,1
4,1,2,1
14,0,1,1
7,0,3,1
2,2,1,1
11,0,2,1
0,3,0,1
4,2,1,1
8,0,3,1
0,3,0,1
22,0,1,1
0,3,0,1
5,0,3,1
4,1,2,1
6,1,2,1
5,0,3,1
11,1,1,1
15,0,1,1
17,0,0,2
8,1,2,1
3,2,1,1
19,0,2,1
5,2,1,1
6,1,1,1
3,0,3,1
6,1,2,1
11,2,0,1
14,0,1,1
0,3,0,1
11,2,0,1
0,3,0,1
7,2,1,1
15,0,0,2
16,2,0,1
2,2,1,1
4,0,2,1
15,0,1,1
8,0,3,1
4,1,2,1
10,1,2,1
8,1,2,1
0,2,0,1
14,0,2,1
6,0,3,1
17,0,2,1
6,2,1,1
8,1,2,1
6,1,2,1
8,1,2,1
10,0,3,1
3,0,3,1
2,2,1,1
1,2,1,1
7,1,2,1
27,0,1,1
2,0,3,1
16,0,2,1
9,0,3,1
2,2,1,1
6,1,2,1
0,3,0,1
3,0,3,1
14,0,2,1
0,3,0,1
8,0,3,1
1,2,1,1
0,3,0,1
0,3,0,1
13,1,1,1
2,1,2,1
1,2,1,1
11,1,1,1
9,1,2,1
3,0,3,1
22,1,0,2
1,2,1,1
2,1,2,1
2,1,2,1
2,2,1,1
6,0,3,1
6,1,2,1
6,2,1,1
2,1,2,1
2,2,1,1
2,2,1,1
0,3,0,1
2,1,2,1
2,0,3,1
9,1,2,1
9,0,3,1
3,1,2,1
5,2,1,1
4,1,2,1
4,0,3,1
9,2,1,1
16,0,1,1
2,0,3,1
2,2,1,1
2,0,3,1
2,2,1,1
0,3,0,1
7,1,2,1
75,0,0,1
10,0,3,1
2,1,2,1
19,1,1,1
2,1,2,1
0,3,0,1
1,2,1,1
17,1,0,2
62,0,1,1
2,0,3,1
10,1,2,1
0,2,0,1
17,0,1,1
3,0,2,1
11,0,2,1
0,3,0,1
2,1,2,1
2,1,2,1
2,2,1,1
0,3,0,1
32,0,1,1
0,2,0,1
5,0,3,1
22,0,2,1
1,2,1,1
5,2,1,1
5,2,1,1
15,0,0,2
18,0,1,1
2,2,1,1
2,1,2,1
14,0,2,1
8,1,2,1
8,0,3,1
8,2,1,1
11,1,1,1
3,2,1,1
12,2,0,1
2,1,2,1
4,2,1,1
14,1,1,1
11,1,1,1
5,1,2,1
20,1,0,2
1,1,2,1
8,0,3,1
18,1,0,2
9,1,2,1
2,2,1,1
6,0,2,1
4,0,3,1
30,1,0,2
11,0,2,1
8,0,3,1
9,1,2,1
12,1,1,1
16,1,1,1
0,2,0,1
10,0,3,1
15,0,1,1
2,1,2,1
4,1,2,1
1,2,1,1
21,0,1,1
1,2,1,1
9,0,3,1
8,2,1,1
5,2,1,1
4,2,1,1
0,3,0,1
6,2,1,1
3,2,1,1
18,0,0,2
5,0,3,1
14,0,1,1
9,1,2,1
1,2,1,1
2,2,1,1
15,0,0,2
2,0,1,1
23,1,1,1
8,0,3,1
5,0,3,1
1,1,1,1
16,1,1,1
11,1,0,2
2,1,2,1
1,2,1,1
2,2,1,1
12,0,2,1
2,1,2,1
6,0,3,1
13,0,1,1
2,2,1,1
6,1,2,1
3,2,1,1
2,0,3,1
10,1,2,1
2,1,2,1
,,,
3,1,2,1
18,2,0,1
0,0,0,2
0,0,0,2
0,0,0,2
0,0,0,2
1,0,1,1
0,0,0,2
0,0,0,2
0,0,0,2
4,0,1,1
0,0,0,2
0,0,0,2
4,0,1,1
0,0,0,2
2,0,1,1
15,0,0,2
0,0,0,2
0,0,0,2
0,0,0,2
1,0,1,1
1,0,1,1
2,0,1,1
2,0,1,1
0,0,0,2
0,0,0,2
24,0,0,2
8,1,1,1
12,0,0,2
0,0,0,2
0,0,0,2
18,0,0,2
0,0,0,2
15,2,0,1
1,0,1,1
0,0,0,2
15,0,0,2
0,0,0,2
0,0,0,2
1,0,1,1
0,0,0,2
0,0,0,2
0,0,0,2
11,0,0,2
10,1,2,1
0,0,0,2
25,0,1,1
19,0,1,1
1,2,1,1
0,3,0,1
2,2,1,1
15,2,0,1
2,2,1,1
2,2,1,1
21,0,1,1
12,0,2,1
0,3,0,1
20,1,1,1
0,2,0,1
0,3,0,1
6,0,3,1
5,2,1,1
4,2,1,1
3,2,1,1
20,1,1,1
20,1,1,1
10,1,2,1
30,0,1,1
2,2,1,1
9,2,1,1
0,3,0,1
13,0,0,2
14,0,2,1
1,2,1,1
32,1,1,1
8,0,3,1
15,0,2,1
0,3,0,1
3,0,3,1
1,1,1,1
1,2,1,1
2,2,1,1
3,2,1,1
6,1,2,1
16,1,1,1
7,1,2,1
17,1,0,2
1,2,1,1
0,3,0,1
5,0,3,1
29,0,1,1
7,0,3,1
6,0,3,1
3,1,2,1
10,1,2,1
27,0,1,1
0,3,0,1
8,1,2,1
15,1,1,1
17,1,1,1
2,1,2,1
14,0,2,1
28,2,0,1
6,1,2,1
5,1,2,1
10,2,1,1
62,1,0,1
2,2,1,1
6,1,2,1
26,1,1,1
1,2,1,1
10,0,3,1
0,3,0,1
4,2,1,1
0,2,0,1
16,0,1,1
12,1,0,2
3,1,2,1
3,2,1,1
11,0,2,1
12,1,0,2
11,0,2,1
1,1,2,1
0,3,0,1
1,1,2,1
29,1,0,2
10,1,2,1
22,0,0,2
8,1,2,1
25,1,1,1
5,0,2,1
2,2,1,1
0,3,0,1
36,1,1,1
61,2,0,1
11,0,2,1
22,0,0,2
2,1,2,1
2,2,1,1
11,0,2,1
3,2,1,1
23,1,1,1
8,0,3,1
16,1,1,1
56,2,0,1
22,0,1,1
8,2,1,1
9,1,2,1
10,1,2,1
5,0,3,1
29,1,0,2
15,0,1,1
16,0,0,2
26,1,1,1
3,2,1,1
19,0,2,1
0,3,0,1
8,1,2,1
4,0,3,1
0,3,0,1
2,2,1,1
0,3,0,1
1,2,1,1
14,0,1,1
5,1,2,1
15,1,0,2
1,2,1,1
5,1,2,1
32,0,0,2
4,0,3,1
15,0,1,1
6,2,1,1
17,2,0,1
9,1,2,1
11,1,1,1
10,1,2,1
0,2,0,1
25,1,0,2
14,0,1,1
5,0,3,1
17,0,2,1
5,2,1,1
8,1,2,1
1,1,1,1
10,2,1,1
11,0,2,1
10,0,3,1
3,1,2,1
7,0,3,1
3,0,3,1
16,0,2,1
12,2,0,1
3,0,3,1
14,0,2,1
4,1,2,1
1,1,1,1
1,2,1,1
4,1,2,1
3,1,2,1
9,0,3,1
1,2,1,1
2,1,2,1
24,0,0,2
2,2,1,1
2,2,1,1
6,0,3,1
6,1,2,1
6,1,2,1
6,2,1,1
4,1,2,1
2,2,1,1
9,0,3,1
0,3,0,1
17,0,2,1
11,1,0,2
6,0,3,1
28,1,1,1
16,0,2,1
7,2,1,1
17,0,2,1
11,0,2,1
19,0,2,1
10,2,1,1
17,0,0,2
6,0,3,1
19,0,0,2
0,3,0,1
2,1,2,1
3,0,3,1
13,1,1,1
32,0,2,1
0,3,0,1
5,2,1,1
8,0,3,1
22,0,1,1
5,0,2,1
1,2,1,1
6,1,2,1
1,2,1,1
1,2,1,1
3,2,1,1
0,2,0,1
5,1,2,1
8,1,1,1
16,0,0,2
2,0,3,1
28,0,1,1
6,1,2,1
43,1,1,1
1,2,1,1
6,1,2,1
1,1,1,1
0,3,0,1
1,2,1,1
8,1,2,1
1,2,1,1
8,0,3,1
0,3,0,1
0,2,0,1
1,1,2,1
0,3,0,1
1,2,1,1
16,0,1,1
8,0,3,1
1,2,1,1
8,0,3,1
8,1,2,1
12,1,0,2
5,1,2,1
1,2,1,1
12,1,1,1
1,2,1,1
1,2,1,1
20,1,0,2
5,0,3,1
0,3,0,1
20,1,1,1
5,0,3,1
1,1,2,1
4,2,1,1
2,2,1,1
11,1,1,1
3,2,1,1
6,1,2,1
0,3,0,1
8,0,3,1
1,1,2,1
1,1,1,1
9,0,3,1
2,1,2,1
10,1,2,1
7,1,2,1
1,2,1,1
22,0,1,1
5,0,3,1
11,0,2,1
9,1,2,1
13,0,1,1
1,1,1,1
0,3,0,1
1,2,1,1
16,0,2,1
0,2,0,1
1,2,1,1
9,2,1,1
9,0,3,1
15,0,0,2
36,0,2,1
23,0,2,1
5,1,2,1
12,1,1,1
1,1,2,1
3,1,2,1
21,0,1,1
1,1,2,1
1,1,2,1
2,1,1,1
1,1,2,1
5,1,2,1
9,0,3,1
8,1,2,1
4,1,2,1
6,1,2,1
5,1,2,1
1,1,2,1
1,2,1,1
1,1,2,1
18,0,0,2
5,2,1,1
2,2,1,1
25,0,0,2
3,2,1,1
1,2,1,1
12,0,1,1
1,1,2,1
30,0,2,1
1,2,1,1
22,0,2,1
1,2,1,1
6,1,2,1
0,3,0,1
0,3,0,1
14,0,2,1
3,1,2,1
6,1,2,1
6,0,3,1
24,0,2,1
3,1,2,1
3,1,2,1
32,1,1,1
3,1,2,1
29,0,0,2
17,1,1,1
3,1,2,1
2,0,3,1
8,0,3,1
2,1,1,1
1,2,1,1
8,0,3,1
3,1,2,1
14,0,2,1
3,1,2,1
4,1,2,1
1,2,1,1
2,0,2,1
8,2,1,1
34,1,1,1
0,0,0,2
10,0,1,1
0,1,0,2
0,1,0,2
0,0,0,2
9,0,1,1
0,0,0,2
1,0,1,1
0,0,0,2
0,1,0,2
0,1,0,2
0,0,0,2
2,0,1,1
2,0,1,1
0,0,0,2
0,0,0,2
0,1,0,2
0,1,0,2
0,1,0,2
0,1,0,2
0,0,0,2
0,0,0,2
0,1,0,2
0,1,0,2
0,0,0,2
0,0,0,2
0,1,0,2
24,0,0,2
0,0,0,2
0,0,0,2
3,0,1,1
7,0,1,1
0,0,0,2
2,0,1,1
0,0,0,2
0,0,0,2
0,1,0,2
0,0,0,2
17,0,0,2
0,0,0,2
0,0,0,2
0,1,0,2
0,0,0,2
0,1,0,2
0,1,0,2
1,0,1,1
21,0,0,2
0,1,0,2
0,1,0,2
0,1,0,2
0,0,0,2
0,0,0,2
0,1,0,2
0,0,0,2
0,0,0,2
16,0,0,2
0,1,0,2
0,1,0,2
0,1,0,2
10,0,1,1
9,0,1,1
0,0,0,2
0,1,0,2
0,1,0,2
10,0,1,1
7,0,1,1
14,0,0,2
0,1,0,2
3,0,1,1
0,0,0,2
0,0,0,2
3,0,1,1
9,1,2,1
3,2,1,1
57,1,0,1
2,1,1,1
3,2,1,1
10,2,1,1
0,3,0,1
3,2,1,1
50,1,0,1
26,2,0,1
3,1,2,1
26,0,1,1
30,0,0,2
20,2,0,1
2,1,1,1
13,2,0,1
67,0,1,1
16,1,1,1
13,0,2,1
0,3,0,1
22,2,0,1
14,0,2,1
20,0,0,2
12,1,1,1
14,2,0,1
3,0,3,1
16,1,1,1
0,3,0,1
1,2,1,1
0,3,0,1
5,0,3,1
7,2,1,1
6,2,1,1
0,3,0,1
0,3,0,1
0,3,0,1
26,0,1,1
14,0,1,1
11,2,0,1
9,0,3,1
10,2,1,1
20,1,0,2
9,1,2,1
7,1,2,1
3,1,2,1
0,3,0,1
18,1,1,1
7,1,2,1
27,0,0,2
38,0,1,1
8,1,2,1
0,3,0,1
3,1,2,1
9,1,1,1
0,3,0,1
1,1,2,1
12,1,1,1
0,3,0,1
7,0,3,1
49,0,0,1
0,3,0,1
21,0,1,1
14,1,1,1
0,3,0,1
0,3,0,1
0,3,0,1
18,0,1,1
6,0,3,1
6,2,1,1
39,0,0,1
39,0,1,1
4,1,2,1
1,2,1,1
12,2,0,1
27,0,0,2
6,2,1,1
1,2,1,1
8,1,2,1
19,0,1,1
20,0,2,1
6,1,2,1
6,1,2,1
5,1,2,1
0,3,0,1
0,3,0,1
77,0,0,1
0,3,0,1
0,3,0,1
14,1,0,2
0,3,0,1
5,1,2,1
9,1,2,1
3,2,1,1
15,0,1,1
0,3,0,1
3,2,1,1
0,3,0,1
8,1,2,1
12,0,2,1
30,0,1,1
21,1,1,1
0,3,0,1
2,1,1,1
36,1,0,1
0,3,0,1
5,1,2,1
1,2,1,1
7,2,1,1
7,2,1,1
29,0,1,1
14,0,2,1
8,1,2,1
12,2,0,1
0,3,0,1
18,1,0,2
3,1,2,1
89,0,0,1
9,0,3,1
0,3,0,1
5,1,2,1
0,3,0,1
0,3,0,1
28,1,0,2
1,2,1,1
0,3,0,1
14,1,0,2
13,1,1,1
5,0,3,1
16,2,0,1
0,2,0,1
16,1,1,1
17,2,0,1
14,0,1,1
39,0,1,1
21,0,0,2
23,1,1,1
54,1,0,1
16,1,1,1
2,2,1,1
20,0,1,1
3,0,3,1
8,0,3,1
14,0,1,1
2,1,2,1
0,3,0,1
0,3,0,1
2,2,1,1
8,0,3,1
7,1,2,1
10,1,2,1
2,2,1,1
0,1,0,2
0,3,0,1
23,0,0,2
24,2,0,1
3,2,1,1
2,2,1,1
0,3,0,1
20,2,0,1
0,3,0,1
24,0,1,1
2,0,2,1
0,3,0,1
17,1,0,2
4,1,1,1
24,1,0,2
4,2,1,1
4,1,2,1
2,2,1,1
,,,
47,1,1,1
5,2,1,1
7,0,3,1
25,0,0,2
22,0,2,1
7,0,3,1
25,2,0,1
23,1,0,2
1,2,1,1
26,1,1,1
31,1,1,1
9,0,3,1
2,1,1,1
25,0,0,2
0,3,0,1
2,2,1,1
9,1,2,1
2,1,2,1
2,2,1,1
0,3,0,1
1,1,2,1
0,2,0,1
10,0,3,1
3,0,3,1
4,2,1,1
28,1,1,1
1,1,2,1
21,0,1,1
3,1,2,1
23,1,1,1
16,1,1,1
16,1,0,2
10,1,2,1
2,1,1,1
3,2,1,1
7,0,2,1
1,2,1,1
0,3,0,1
29,0,2,1
13,0,2,1
2,1,2,1
2,1,2,1
6,2,1,1
4,2,1,1
11,0,2,1
2,1,2,1
2,1,2,1
9,1,2,1
2,1,2,1
2,2,1,1
9,1,2,1
23,1,0,2
2,2,1,1
9,0,3,1
2,2,1,1
4,2,1,1
0,3,0,1
16,0,1,1
0,3,0,1
11,1,0,2
33,0,2,1
5,1,2,1
4,1,2,1
30,0,0,2
20,0,0,2
13,0,2,1
7,2,1,1
21,0,1,1
19,1,1,1
25,1,1,1
16,2,0,1
16,1,1,1
0,3,0,1
2,2,1,1
2,1,2,1
58,1,0,1
14,1,1,1
2,2,1,1
2,1,2,1
0,3,0,1
9,0,3,1
17,0,1,1
0,3,0,1
8,0,3,1
9,1,2,1
31,0,1,1
1,2,1,1
30,1,1,1
9,2,1,1
6,1,2,1
2,2,1,1
3,2,1,1
10,1,2,1
2,2,1,1
5,1,2,1
25,0,1,1
10,1,2,1
16,2,0,1
7,1,2,1
2,2,1,1
16,2,0,1
9,1,2,1
2,2,1,1
2,1,2,1
7,1,2,1
2,2,1,1
6,2,1,1
0,3,0,1
0,3,0,1
2,1,1,1
14,1,1,1
25,0,2,1
0,3,0,1
2,1,2,1
21,0,2,1
12,2,0,1
7,1,2,1
0,3,0,1
9,0,3,1
27,0,1,1
21,1,0,2
2,1,1,1
1,2,1,1
4,1,2,1
3,1,1,1
8,0,3,1
2,1,2,1
13,1,1,1
4,1,2,1
14,0,1,1
2,1,2,1
45,0,0,1
46,0,1,1
2,1,2,1
0,3,0,1
1,2,1,1
55,0,1,1
19,0,2,1
2,2,1,1
33,0,0,2
23,0,2,1
18,1,1,1
2,2,1,1
17,1,0,2
14,0,1,1
17,1,1,1
5,0,2,1
13,1,1,1
29,0,1,1
13,0,2,1
3,2,1,1
4,0,3,1
47,1,0,1
8,0,3,1
7,0,2,1
2,2,1,1
2,2,1,1
17,1,1,1
20,0,1,1
23,0,1,1
6,1,2,1
17,1,1,1
25,1,0,2
19,0,2,1
3,0,2,1
20,0,0,2
5,2,1,1
16,1,0,2
3,2,1,1
11,0,2,1
10,1,2,1
18,0,1,1
14,0,2,1
21,0,0,2
26,0,0,2
10,0,3,1
6,2,1,1
35,0,1,1
26,0,0,2
2,2,1,1
19,0,1,1
9,2,1,1
2,1,2,1
2,2,1,1
15,0,1,1
12,0,2,1
0,3,0,1
2,2,1,1
5,0,3,1
29,1,0,2
23,0,1,1
10,1,2,1
4,1,2,1
10,0,3,1
7,0,3,1
6,1,2,1
6,1,2,1
2,1,2,1
2,2,1,1
35,0,2,1
5,1,2,1
8,0,3,1
5,1,2,1
25,0,1,1
18,1,1,1
2,1,2,1
21,0,1,1
8,2,1,1
9,0,3,1
5,1,2,1
1,1,1,1
5,2,1,1
28,0,1,1
0,3,0,1
2,0,3,1
2,1,2,1
0,3,0,1
5,2,1,1
2,2,1,1
11,0,1,1
9,1,2,1
48,1,0,1
10,0,3,1
3,0,2,1
12,0,1,1
23,1,0,2
10,1,2,1
11,0,2,1
16,0,1,1
6,0,3,1
3,1,2,1
19,0,0,2
7,1,2,1
2,1,1,1
10,0,3,1
4,0,3,1
15,0,0,2
85,0,0,1
11,2,0,1
0,3,0,1
7,0,3,1
27,0,0,2
0,0,0,2
9,1,2,1
27,2,0,1
18,2,0,1
16,2,0,1
10,1,2,1
5,1,2,1
6,1,2,1
11,0,2,1
52,1,0,1
5,1,2,1
2,1,1,1
0,3,0,1
14,1,1,1
20,0,1,1
25,0,1,1
30,0,2,1
0,3,0,1
11,0,2,1
20,1,0,2
22,0,0,2
11,2,0,1
14,1,0,2
20,0,0,2
12,0,1,1
11,0,2,1
6,2,1,1
12,1,1,1
16,0,1,1
7,1,2,1
11,0,2,1
15,0,1,1
4,1,2,1
12,0,2,1
14,0,1,1
2,2,1,1
6,0,3,1
2,2,1,1
15,0,1,1
6,0,3,1
6,0,3,1
6,0,3,1
7,1,2,1
2,2,1,1
7,0,3,1
13,0,1,1
4,0,3,1
15,0,2,1
0,3,0,1
16,0,1,1
10,1,2,1
10,1,2,1
7,0,3,1
0,3,0,1
15,0,2,1
11,0,2,1
12,2,0,1
0,3,0,1
19,0,2,1
11,2,0,1
6,0,3,1
12,1,1,1
0,3,0,1
18,2,0,1
14,0,2,1
16,0,1,1
9,1,2,1
13,1,1,1
27,1,0,2
2,0,3,1
17,1,1,1
2,2,1,1
11,0,2,1
1,2,1,1
11,0,2,1
9,0,2,1
44,0,0,1
14,0,2,1
1,2,1,1
3,2,1,1
2,1,2,1
20,0,0,2
0,3,0,1
12,0,1,1
4,1,2,1
5,0,2,1
0,3,0,1
11,0,2,1
0,3,0,1
13,0,1,1
4,2,1,1
15,0,1,1
6,0,3,1
11,0,2,1
6,1,2,1
7,0,3,1
4,0,3,1
13,0,1,1
11,0,2,1
4,1,1,1
10,1,2,1
11,1,1,1
14,0,1,1
44,0,0,1
6,1,2,1
6,1,2,1
12,1,1,1
5,2,1,1
7,1,2,1
11,0,1,1
16,0,2,1
2,2,1,1
28,0,0,2
0,3,0,1
11,0,2,1
2,1,2,1
27,0,0,2
1,2,1,1
20,0,0,2
0,3,0,1
16,0,1,1
20,0,0,2
29,0,0,2
5,0,3,1
21,1,0,2
14,0,2,1
0,2,0,1
15,0,1,1
8,0,2,1
12,0,2,1
5,1,2,1
13,0,1,1
2,0,2,1
2,2,1,1
20,0,1,1
12,2,0,1
28,0,1,1
31,1,0,2
11,2,0,1
11,0,2,1
30,0,0,2
10,0,3,1
18,2,0,1
2,1,2,1
5,1,2,1
20,0,1,1
10,1,2,1
11,2,0,1
13,0,1,1
13,0,2,1
16,0,0,2
3,2,1,1
16,1,0,2
7,0,3,1
23,0,1,1
11,0,2,1
9,0,2,1
43,1,0,1
10,0,3,1
12,0,2,1
6,2,1,1
0,0,0,2
2,0,3,1
8,2,1,1
2,2,1,1
3,2,1,1
2,1,1,1
2,1,2,1
0,3,0,1
38,0,1,1
0,2,0,1
4,1,2,1
0,3,0,1
0,3,0,1
1,2,1,1
2,2,1,1
0,3,0,1
9,0,3,1
19,2,0,1
3,1,2,1
6,0,3,1
11,1,0,2
0,3,0,1
3,1,2,1
9,0,3,1
7,1,1,1
26,0,2,1
1,2,1,1
5,0,3,1
4,0,3,1
3,2,1,1
14,0,2,1
4,0,3,1
10,1,2,1
0,2,0,1
3,1,2,1
11,1,1,1
9,0,3,1
3,1,2,1
3,0,3,1
1,1,2,1
17,0,1,1
6,0,3,1
0,3,0,1
4,1,2,1
0,2,0,1
0,2,0,1
2,1,2,1
16,0,2,1
0,3,0,1
3,0,3,1
3,0,3,1
4,1,2,1
3,2,1,1
5,1,2,1
13,1,1,1
4,2,1,1
8,1,2,1
3,1,2,1
1,2,1,1
7,0,3,1
27,0,2,1
4,1,2,1
1,2,1,1
3,1,2,1
6,1,2,1
7,0,3,1
2,1,2,1
2,2,1,1
4,1,2,1
0,2,0,1
9,2,1,1
2,0,3,1
1,2,1,1
3,1,2,1
9,1,2,1
34,0,1,1
0,0,0,2
0,0,0,2
4,0,1,1
0,0,0,2
18,1,1,1
13,0,0,2
0,1,0,2
0,0,0,2
0,0,0,2
4,0,1,1
8,0,1,1
0,0,0,2
0,1,0,2
0,0,0,2
25,0,0,2
0,0,0,2
0,0,0,2
5,0,1,1
22,0,0,2
0,0,0,2
23,1,0,2
23,1,1,1
22,0,0,2
0,1,0,2
0,1,0,2
0,1,0,2
0,0,0,2
0,0,0,2
0,1,0,2
22,0,0,2
0,1,0,2
0,1,0,2
0,0,0,2
0,1,0,2
25,1,0,2
0,0,0,2
0,0,0,2
10,0,3,1
0,0,0,2
8,0,1,1
0,0,0,2
0,0,0,2
0,1,0,2
1,0,1,1
0,0,0,2
0,1,0,2
0,0,0,2
0,1,0,2
0,0,0,2
0,1,0,2
23,0,0,2
0,1,0,2
0,0,0,2
0,0,0,2
0,0,0,2
0,0,0,2
0,0,0,2
22,0,0,2
0,1,0,2
0,1,0,2
0,0,0,2
0,1,0,2
3,0,1,1
10,0,1,1
0,0,0,2
3,0,1,1
0,0,0,2
8,0,1,1
0,1,0,2
0,0,0,2
3,0,1,1
9,0,1,1
14,0,0,2
3,0,1,1
30,0,0,2
24,0,0,2
0,0,0,2
0,1,0,2
7,0,1,1
7,0,1,1
0,1,0,2
0,1,0,2
0,1,0,2
0,0,0,2
0,0,0,2
0,1,0,2
7,0,1,1
0,0,0,2
0,0,0,2
0,0,0,2
0,1,0,2
0,1,0,2
2,2,1,1
11,1,0,2
9,0,3,1
2,1,2,1
4,1,2,1
2,2,1,1
0,3,0,1
0,3,0,1
11,1,1,1
3,1,2,1
50,0,0,1
26,1,0,2
3,2,1,1
22,1,0,2
2,2,1,1
2,1,2,1
4,1,2,1
19,0,2,1
2,2,1,1
26,0,0,2
30,0,0,2
13,1,1,1
2,1,2,1
2,2,1,1
7,1,2,1
7,1,2,1
35,0,2,1
20,0,0,2
12,0,2,1
0,3,0,1
2,1,2,1
8,1,2,1
74,0,0,1
16,0,2,1
2,2,1,1
3,2,1,1
11,2,0,1
5,0,3,1
5,1,2,1
2,2,1,1
7,0,2,1
6,1,2,1
8,0,3,1
8,0,3,1
3,2,1,1
14,0,1,1
11,1,1,1
2,2,1,1
14,1,0,2
20,0,0,2
13,0,2,1
6,1,2,1
18,0,1,1
68,0,2,1
11,0,2,1
4,2,1,1
12,0,2,1
4,2,1,1
7,0,3,1
2,2,1,1
30,1,0,2
23,0,0,2
50,2,0,1
2,2,1,1
4,2,1,1
0,3,0,1
2,2,1,1
6,0,3,1
6,1,2,1
17,0,2,1
3,1,2,1
25,1,0,2
27,0,0,2
0,3,0,1
34,0,2,1
20,1,1,1
18,1,1,1
24,0,1,1
0,3,0,1
5,1,2,1
6,0,3,1
20,2,0,1
2,2,1,1
9,2,1,1
0,3,0,1
13,0,1,1
21,0,2,1
9,1,2,1
4,1,2,1
0,3,0,1
2,1,2,1
7,1,2,1
14,1,0,2
63,0,0,1
14,0,2,1
10,1,1,1
20,0,2,1
2,2,1,1
2,2,1,1
18,0,0,2
9,1,2,1
9,0,3,1
20,0,0,2
2,2,1,1
10,1,2,1
13,1,1,1
0,2,0,1
28,0,0,2
14,0,1,1
7,1,2,1
9,0,3,1
24,1,0,2
20,2,0,1
2,2,1,1
19,0,1,1
39,0,1,1
0,3,0,1
39,0,1,1
0,3,0,1
54,0,2,1
0,3,0,1
22,0,1,1
1,2,1,1
21,0,1,1
18,1,1,1
28,0,0,2
17,1,1,1
14,1,0,2
15,0,2,1
6,2,1,1
0,3,0,1
0,3,0,1
3,1,2,1
5,1,2,1
0,3,0,1
17,2,0,1
9,1,2,1
0,2,0,1
11,1,1,1
15,1,0,2
2,1,2,1
16,0,1,1
11,2,0,1
4,1,2,1
8,0,3,1
42,0,0,1
14,0,1,1
6,0,3,1
2,1,2,1
4,2,1,1
8,0,3,1
0,3,0,1
0,3,0,1
2,1,2,1
2,2,1,1
2,1,2,1
7,0,3,1
2,1,2,1
10,0,3,1
4,0,3,1
0,3,0,1
4,2,1,1
23,0,1,1
24,1,0,2
4,0,2,1
0,3,0,1
0,3,0,1
0,3,0,1
2,1,2,1
13,0,2,1
28,0,0,2
5,0,3,1
0,2,0,1
14,1,1,1
4,0,3,1
5,0,3,1
11,2,0,1
7,0,3,1
25,0,0,2
22,0,1,1
8,0,3,1
25,1,0,2
23,0,0,2
25,0,1,1
7,2,1,1
9,0,3,1
0,3,0,1
15,1,1,1
2,0,3,1
2,2,1,1
4,2,1,1
12,0,2,1
11,0,2,1
7,1,2,1
28,0,1,1
6,1,2,1
1,2,1,1
23,0,1,1
16,0,1,1
0,3,0,1
16,0,0,2
10,0,3,1
11,1,1,1
6,1,2,1
29,0,1,1
6,0,3,1
1,2,1,1
11,1,1,1
2,1,2,1
13,0,1,1
69,0,1,1
2,1,2,1
3,2,1,1
18,0,2,1
2,1,1,1
4,0,3,1
9,0,3,1
23,0,0,2
26,0,2,1
3,0,3,1
18,1,1,1
1,2,1,1
22,2,0,1
16,0,1,1
29,1,0,2
6,0,3,1
8,0,3,1
20,0,1,1
45,1,0,1
19,0,1,1
58,0,0,1
0,3,0,1
51,0,0,1
2,1,2,1
16,1,1,1
2,0,3,1
8,1,2,1
0,3,0,1
3,1,2,1
4,1,2,1
4,1,1,1
5,2,1,1
11,0,2,1
2,2,1,1
17,0,2,1
6,2,1,1
14,0,2,1
13,0,2,1
31,0,1,1
35,0,2,1
4,2,1,1
30,0,1,1
4,1,2,1
12,0,2,1
3,2,1,1
8,1,2,1
6,1,2,1
25,0,0,2
15,0,2,1
18,0,2,1
11,1,1,1
6,0,3,1
9,0,3,1
11,2,0,1
3,0,3,1
22,1,1,1
2,0,3,1
2,1,2,1
51,1,1,1
2,1,2,1
2,2,1,1
4,1,2,1
26,0,2,1
2,1,2,1
1,2,1,1
1,1,2,1
4,2,1,1
8,1,2,1
6,1,2,1
12,1,0,2
35,0,1,1
11,0,2,1
4,2,1,1
9,0,3,1
10,0,3,1
21,0,0,2
2,0,3,1
2,1,2,1
2,0,3,1
22,1,1,1
4,1,2,1
22,0,2,1
4,2,1,1
6,1,2,1
2,1,2,1
3,1,1,1
15,0,0,2
2,2,1,1
3,1,2,1
45,0,0,1
39,0,2,1
3,2,1,1
11,2,0,1
6,1,2,1
2,1,2,1
55,0,0,1
19,0,2,1
21,2,0,1
34,1,0,2
7,0,2,1
0,3,0,1
0,3,0,1
29,1,1,1
0,3,0,1
2,1,2,1
7,2,1,1
2,1,2,1
2,2,1,1
11,1,1,1
13,0,2,1
4,1,2,1
10,1,2,1
31,0,1,1
5,0,3,1
14,0,0,2
0,2,0,1
31,1,1,1
0,3,0,1
13,0,2,1
13,0,2,1
6,1,2,1
10,0,3,1
8,0,3,1
3,2,1,1
,,,
17,1,0,2
20,0,1,1
23,0,2,1
8,0,3,1
25,0,0,2
5,1,2,1
20,0,0,2
17,1,1,1
16,0,0,2
12,1,1,1
11,0,2,1
10,1,2,1
18,0,1,1
5,0,3,1
9,0,3,1
21,0,0,2
26,0,0,2
9,1,2,1
26,0,0,2
2,1,2,1
29,0,0,2
11,0,2,1
30,1,0,2
9,1,2,1
25,1,0,2
19,1,1,1
19,1,1,1
224,1,0,1
29,1,1,1
25,2,0,1
2,1,2,1
10,1,2,1
2,1,2,1
6,0,3,1
29,0,0,2
28,0,0,2
2,2,1,1
10,0,3,1
10,0,3,1
4,0,3,1
16,0,2,1
6,1,2,1
7,1,2,1
7,0,3,1
14,1,1,1
2,2,1,1
2,2,1,1
6,0,3,1
20,0,2,1
1,2,1,1
2,2,1,1
21,0,0,2
8,1,2,1
10,1,2,1
0,2,0,1
9,0,3,1
7,2,1,1
0,2,0,1
10,1,2,1
1,1,1,1
0,2,0,1
7,1,2,1
28,0,1,1
6,0,3,1
6,0,3,1
13,2,0,1
5,1,2,1
14,1,1,1
27,1,0,2
11,2,0,1
11,0,2,1
48,0,0,1
32,0,1,1
10,0,3,1
13,0,1,1
23,0,0,2
13,1,1,1
0,3,0,1
2,0,3,1
33,0,1,1
11,0,2,1
2,0,3,1
16,0,0,2
2,1,2,1
32,0,0,2
2,1,2,1
5,1,2,1
10,0,3,1
16,0,0,2
4,1,2,1
2,0,3,1
32,1,0,2
7,0,3,1
9,0,3,1
28,1,1,1
0,2,0,1
20,1,0,2
0,3,0,1
18,1,1,1
30,0,0,2
4,2,1,1
0,3,0,1
57,0,0,1
19,1,1,1
10,1,2,1
10,0,3,1
11,0,2,1
10,1,2,1
11,0,2,1
4,1,2,1
14,0,2,1
0,2,0,1
18,1,1,1
1,2,1,1
20,0,0,2
0,2,0,1
23,2,0,1
2,1,2,1
16,0,2,1
11,0,1,1
22,1,0,2
22,0,0,2
14,0,0,2
3,2,1,1
4,1,2,1
0,3,0,1
22,0,0,2
12,0,2,1
49,0,1,1
6,1,2,1
0,2,0,1
12,0,2,1
,,,
16,0,2,1
11,0,2,1
19,0,1,1
32,0,1,1
1,1,2,1
14,0,2,1
4,0,3,1
10,2,1,1
1,1,2,1
5,1,2,1
4,1,2,1
8,1,1,1
15,0,1,1
0,2,0,1
6,0,3,1
19,0,2,1
6,0,3,1
7,0,3,1
15,0,2,1
24,0,0,2
9,1,2,1
0,3,0,1
4,1,2,1
10,1,2,1
10,0,3,1
2,1,2,1
1,2,1,1
7,0,3,1
13,1,0,2
15,0,2,1
11,0,2,1
13,1,1,1
7,0,3,1
1,1,2,1
19,0,1,1
87,0,0,1
6,0,3,1
10,1,2,1
12,2,0,1
13,0,1,1
7,1,2,1
0,3,0,1
9,1,2,1
11,0,2,1
9,0,3,1
14,0,1,1
10,1,2,1
18,0,0,2
14,0,1,1
2,1,2,1
1,1,2,1
0,3,0,1
1,2,1,1
4,2,1,1
11,0,2,1
3,0,3,1
11,1,1,1
55,0,0,1
15,0,1,1
18,0,1,1
7,1,2,1
6,1,2,1
0,3,0,1
8,0,3,1
4,0,3,1
0,3,0,1
1,2,1,1
13,0,1,1
11,0,2,1
15,1,1,1
7,0,3,1
11,1,1,1
2,0,3,1
41,0,1,1
14,0,1,1
44,0,0,1
6,1,2,1
12,1,1,1
4,2,1,1
1,1,2,1
0,2,0,1
11,0,2,1
53,0,2,1
28,0,0,2
0,3,0,1
8,1,2,1
20,0,0,2
8,2,1,1
1,2,1,1
0,3,0,1
26,1,0,2
1,2,1,1
14,0,1,1
8,2,1,1
11,1,1,1
5,0,3,1
22,2,0,1
28,0,1,1
25,0,1,1
11,1,0,2
28,0,0,2
6,0,3,1
18,1,1,1
15,1,1,1
25,0,1,1
11,0,2,1
11,1,1,1
16,0,1,1
2,2,1,1
13,0,2,1
12,0,2,1
11,0,2,1
11,0,2,1
2,2,1,1
10,0,3,1
0,1,0,2
2,2,1,1
4,0,1,1
0,2,0,1
11,1,1,1
14,0,2,1
7,1,2,1
2,2,1,1
16,0,1,1
2,1,2,1
5,2,1,1
11,0,2,1
28,0,1,1
15,0,2,1
10,1,2,1
11,0,2,1
16,1,1,1
16,1,1,1
37,0,0,1
16,0,1,1
19,2,0,1
4,2,1,1
3,2,1,1
7,2,1,1
7,1,2,1
1,1,2,1
18,0,2,1
4,2,1,1
0,3,0,1
0,3,0,1
9,0,3,1
1,2,1,1
1,1,1,1
52,1,0,1
7,1,2,1
2,2,1,1
62,1,0,1
1,2,1,1
26,0,1,1
1,2,1,1
0,3,0,1
2,2,1,1
3,0,3,1
23,0,0,2
3,0,3,1
24,1,0,2
4,2,1,1
14,0,1,1
5,0,3,1
12,1,1,1
0,2,0,1
7,0,3,1
3,1,2,1
3,0,3,1
3,0,3,1
14,0,2,1
6,0,3,1
4,2,1,1
7,0,3,1
16,0,1,1
4,2,1,1
4,1,2,1
6,0,3,1
0,3,0,1
3,1,2,1
18,1,0,2
1,2,1,1
6,1,1,1
25,0,0,2
8,0,3,1
3,2,1,1
7,0,3,1
27,0,1,1
12,0,2,1
0,3,0,1
21,0,2,1
8,2,1,1
6,0,3,1
0,2,0,1
0,2,0,1
8,1,2,1
5,1,2,1
3,2,1,1
0,2,0,1
1,2,1,1
10,1,2,1
5,0,3,1
22,1,0,2
0,3,0,1
2,0,1,1
5,0,1,1
0,1,0,2
0,1,0,2
2,0,1,1
2,0,1,1
4,0,1,1
3,0,1,1
0,0,0,2
6,0,1,1
2,0,1,1
0,0,0,2
0,0,0,2
14,0,0,2
0,1,0,2
0,0,0,2
0,0,0,2
0,0,0,2
0,1,0,2
0,0,0,2
0,0,0,2
2,0,1,1
0,1,0,2
0,1,0,2
5,0,1,1
0,0,0,2
0,0,0,2
2,0,1,1
0,0,0,2
0,0,0,2
0,1,0,2
25,0,0,2
9,0,1,1
0,0,0,2
0,0,0,2
0,1,0,2
4,0,1,1
0,1,0,2
0,1,0,2
0,1,0,2
0,1,0,2
4,0,1,1
0,1,0,2
0,0,0,2
0,0,0,2
1,2,1,1
11,1,1,1
,,,
65,0,1,1
2,2,1,1
11,0,2,1
7,1,2,1
7,1,2,1
4,2,1,1
0,3,0,1
1,1,1,1
42,1,1,1
26,0,0,2
2,2,1,1
21,0,1,1
18,0,2,1
2,1,2,1
4,0,3,1
18,0,1,1
26,0,1,1
0,3,0,1
13,0,1,1
0,3,0,1
5,0,2,1
3,1,2,1
22,1,1,1
4,1,1,1
11,0,2,1
0,3,0,1
16,0,1,1
2,2,1,1
8,0,2,1
8,0,3,1
4,1,2,1
23,1,0,2
3,1,2,1
3,1,2,1
16,0,2,1
17,1,1,1
4,2,1,1
11,1,0,2
13,0,2,1
5,0,3,1
7,0,3,1
0,3,0,1
6,0,3,1
0,3,0,1
2,2,1,1
9,0,3,1
0,3,0,1
0,3,0,1
3,0,3,1
4,1,2,1
25,0,1,1
0,3,0,1
0,3,0,1
20,2,0,1
2,1,2,1
14,1,1,1
20,0,1,1
23,0,1,1
7,1,2,1
2,2,1,1
7,1,2,1
19,1,1,1
16,0,1,1
12,2,0,1
0,3,0,1
0,2,0,1
11,0,2,1
1,2,1,1
0,3,0,1
2,2,1,1
0,3,0,1
7,1,1,1
0,3,0,1
28,0,1,1
4,1,2,1
7,0,3,1
2,1,2,1
24,0,0,2
50,1,0,1
11,0,1,1
3,2,1,1
2,2,1,1
7,1,2,1
14,0,1,1
0,3,0,1
10,0,3,1
48,0,1,1
2,2,1,1
9,0,1,1
15,0,2,1
8,0,3,1
25,0,1,1
3,1,1,1
20,0,1,1
24,0,0,2
6,2,1,1
23,1,1,1
5,1,1,1
0,3,0,1
17,2,0,1
5,0,3,1
20,0,1,1
5,0,3,1
3,2,1,1
3,1,2,1
18,1,1,1
0,3,0,1
11,2,0,1
31,0,1,1
0,3,0,1
2,1,2,1
2,2,1,1
0,3,0,1
4,0,3,1
16,2,0,1
7,0,3,1
14,1,1,1
16,1,1,1
20,0,1,1
4,0,2,1
2,1,2,1
9,2,1,1
0,3,0,1
1,1,2,1
8,0,3,1
9,0,3,1
0,3,0,1
14,1,1,1
6,2,1,1
17,1,0,2
85,0,0,1
12,0,2,1
2,1,2,1
11,0,2,1
2,1,1,1
11,0,2,1
24,0,0,2
1,2,1,1
2,2,1,1
0,3,0,1
0,3,0,1
2,2,1,1
19,0,1,1
15,0,1,1
10,0,3,1
11,0,2,1
0,3,0,1
67,0,1,1
56,0,0,1
48,0,0,1
2,0,3,1
19,0,2,1
12,1,1,1
5,0,3,1
2,1,2,1
2,1,2,1
4,1,2,1
11,0,2,1
5,0,3,1
6,2,1,1
2,1,1,1
1,2,1,1
2,1,2,1
0,3,0,1
13,2,0,1
,,,
3,2,1,1
2,1,2,1
2,2,1,1
62,1,0,1
3,1,2,1
4,2,1,1
1,2,1,1
12,1,0,2
0,1,0,2
4,2,1,1
28,0,1,1
2,1,2,1
2,2,1,1
2,1,2,1
5,1,2,1
3,0,3,1
1,2,1,1
5,0,3,1
25,0,0,2
0,3,0,1
8,0,3,1
2,1,1,1
36,1,1,1
8,1,2,1
0,3,0,1
5,2,1,1
2,1,1,1
5,1,2,1
5,1,2,1
12,0,2,1
11,0,2,1
7,1,2,1
32,0,1,1
16,0,0,2
2,0,3,1
6,1,2,1
2,2,1,1
6,0,3,1
8,2,1,1
30,0,0,2
6,0,3,1
8,2,1,1
2,1,2,1
0,3,0,1
13,1,0,2
0,3,0,1
2,1,2,1
19,0,0,2
25,1,1,1
2,1,2,1
20,1,1,1
13,0,2,1
9,1,2,1
7,0,3,1
16,1,1,1
2,2,1,1
0,3,0,1
19,1,0,2
4,1,1,1
8,2,1,1
1,2,1,1
0,3,0,1
29,0,0,2
0,2,0,1
2,2,1,1
8,0,3,1
6,0,3,1
36,0,0,1
15,0,2,1
10,1,2,1
21,0,1,1
18,0,2,1
2,1,2,1
6,1,2,1
16,0,1,1
8,1,2,1
16,1,1,1
18,1,1,1
2,1,1,1
15,2,0,1
2,2,1,1
18,0,1,1
6,1,2,1
14,0,2,1
22,0,1,1
31,0,0,2
15,0,2,1
61,1,1,1
15,1,1,1
0,2,0,1
0,3,0,1
5,2,1,1
12,0,1,1
6,2,1,1
25,0,1,1
18,1,0,2
5,1,1,1
9,0,3,1
23,1,1,1
2,1,2,1
0,3,0,1
24,1,1,1
4,1,2,1
0,2,0,1
10,1,2,1
2,1,2,1
14,1,1,1
32,0,1,1
18,0,2,1
0,2,0,1
8,0,3,1
72,0,0,1
35,0,0,2
42,0,1,1
5,1,1,1
24,0,2,1
0,3,0,1
6,0,3,1
2,2,1,1
0,3,0,1
3,2,1,1
2,1,2,1
1,2,1,1
11,1,1,1
18,1,1,1
6,0,3,1
11,1,0,2
3,1,1,1
18,0,0,2
1,2,1,1
39,0,1,1
36,0,1,1
0,2,0,1
0,3,0,1
0,3,0,1
6,0,3,1
1,2,1,1
25,0,0,2
11,0,2,1
22,1,1,1
15,1,1,1
18,1,0,2
10,0,3,1
3,2,1,1
8,0,3,1
0,3,0,1
2,1,2,1
2,2,1,1
1,2,1,1
8,2,1,1
16,1,1,1
31,1,0,2
0,2,0,1
2,2,1,1
2,2,1,1
22,0,2,1
21,0,2,1
10,0,3,1
18,0,2,1
33,1,1,1
20,0,0,2
3,2,1,1
23,0,1,1
8,0,3,1
25,0,0,2
24,1,1,1
20,0,1,1
29,0,1,1
26,1,0,2
0,3,0,1
15,0,2,1
10,0,3,1
18,0,0,2
2,2,1,1
0,3,0,1
11,0,1,1
8,1,2,1
10,1,2,1
13,1,1,1
28,0,0,2
30,0,1,1
8,1,2,1
2,2,1,1
11,0,2,1
15,0,2,1
29,1,0,2
19,1,1,1
2,0,3,1
0,3,0,1
19,1,1,1
3,2,1,1
7,2,1,1
18,0,2,1
10,2,1,1
6,0,3,1
2,1,2,1
28,0,0,2
2,2,1,1
6,0,3,1
16,0,2,1
7,1,2,1
15,0,2,1
0,3,0,1
15,0,1,1
2,2,1,1
6,1,1,1
8,1,2,1
0,3,0,1
28,2,0,1
6,0,3,1
18,0,2,1
1,1,2,1
0,3,0,1
0,3,0,1
18,1,0,2
8,1,2,1
10,0,3,1
9,0,3,1
5,0,3,1
10,0,3,1
1,1,2,1
19,1,1,1
0,2,0,1
2,1,2,1
8,0,3,1
7,2,1,1
1,1,1,1
0,3,0,1
0,3,0,1
9,1,2,1
2,2,1,1
10,2,1,1
86,0,0,1
28,1,1,1
18,0,1,1
46,1,0,1
25,0,1,1
2,2,1,1
10,0,3,1
57,0,1,1
23,0,0,2
18,0,1,1
7,2,1,1
0,3,0,1
11,0,2,1
2,2,1,1
1,2,1,1
16,0,1,1
27,1,1,1
6,0,3,1
0,3,0,1
7,0,3,1
3,0,3,1
21,1,1,1
21,1,0,2
14,0,2,1
1,2,1,1
27,1,1,1
6,0,3,1
2,2,1,1
8,1,2,1
25,1,0,2
14,0,2,1
27,1,1,1
21,1,1,1
6,2,1,1
21,0,0,2
25,0,1,1
10,0,3,1
11,0,2,1
12,1,1,1
13,0,2,1
1,2,1,1
1,1,2,1
0,3,0,1
2,2,1,1
1,2,1,1
8,0,3,1
11,2,0,1
1,2,1,1
3,1,2,1
1,1,2,1
3,1,2,1
20,0,0,2
15,0,1,1
15,2,0,1
46,0,1,1
9,1,2,1
1,2,1,1
17,0,2,1
1,2,1,1
1,1,2,1
8,0,3,1
0,2,0,1
6,1,2,1
14,0,2,1
34,0,0,2
22,1,0,2
2,2,1,1
28,0,0,2
11,0,2,1
29,0,0,2
1,1,2,1
52,0,0,1
0,2,0,1
1,2,1,1
23,0,0,2
13,0,1,1
1,2,1,1
0,2,0,1
40,0,2,1
3,2,1,1
1,1,2,1
8,1,2,1
,,,
2,1,1,1
3,1,2,1
1,1,2,1
45,0,1,1
11,0,2,1
19,0,1,1
0,3,0,1
0,3,0,1
32,0,2,1
1,1,2,1
48,0,1,1
13,0,2,1
8,0,3,1
10,1,2,1
3,0,3,1
0,3,0,1
8,0,3,1
1,2,1,1
2,0,3,1
2,1,2,1
4,0,3,1
7,1,2,1
5,2,1,1
9,0,2,1
13,0,1,1
1,2,1,1
2,1,1,1
8,2,1,1
20,0,1,1
9,0,3,1
4,0,3,1
15,0,1,1
2,2,1,1
1,1,2,1
27,0,0,2
8,1,2,1
8,2,1,1
4,1,2,1
1,2,1,1
10,0,3,1
2,1,1,1
0,2,0,1
11,0,2,1
17,0,2,1
8,0,3,1
11,0,2,1
13,0,2,1
11,0,2,1
12,1,1,1
15,0,1,1
7,0,3,1
1,1,2,1
2,1,2,1
12,2,0,1
13,0,2,1
1,0,3,1
19,0,0,2
1,2,1,1
1,2,1,1
5,0,3,1
1,2,1,1
2,1,1,1
2,1,2,1
12,1,1,1
4,2,1,1
22,0,2,1
13,0,2,1
3,1,2,1
11,0,2,1
17,0,2,1
14,0,1,1
0,3,0,1
9,1,2,1
0,2,0,1
3,1,2,1
2,0,3,1
10,1,2,1
18,0,0,2
1,2,1,1
8,2,1,1
1,1,2,1
8,0,3,1
27,1,1,1
1,1,2,1
1,2,1,1
9,0,3,1
50,0,0,1
0,2,0,1
23,0,1,1
6,0,3,1
1,1,2,1
15,1,1,1
2,1,2,1
10,0,3,1
1,1,2,1
1,2,1,1
21,0,2,1
8,0,3,1
0,3,0,1
1,1,2,1
9,2,1,1
1,1,2,1
2,1,2,1
11,0,2,1
13,0,1,1
2,1,2,1
3,0,3,1
1,2,1,1
13,0,2,1
1,1,2,1
28,0,2,1
14,0,0,2
3,1,2,1
21,0,1,1
1,1,2,1
1,0,3,1
3,1,2,1
8,2,1,1
7,0,3,1
12,1,1,1
2,2,1,1
0,2,0,1
9,0,3,1
28,0,0,2
5,2,1,1
55,0,0,1
1,2,1,1
11,0,2,1
1,2,1,1
1,1,2,1
8,0,3,1
21,0,0,2
8,1,2,1
8,0,3,1
8,0,2,1
1,1,2,1
29,1,1,1
16,0,0,2
1,1,2,1
2,2,1,1
1,2,1,1
8,1,2,1
61,1,0,1
8,0,3,1
16,0,1,1
5,0,3,1
46,0,0,1
13,0,2,1
2,1,2,1
1,2,1,1
22,1,0,2
6,2,1,1
28,0,1,1
28,0,1,1
13,0,0,2
28,0,0,2
2,1,2,1
20,0,1,1
0,2,0,1
1,2,1,1
0,2,0,1
1,1,2,1
56,0,1,1
11,0,2,1
7,0,3,1
11,0,2,1
2,1,2,1
23,0,0,2
2,1,2,1
8,2,1,1
27,0,2,1
1,1,2,1
1,1,2,1
12,0,2,1
11,0,2,1
13,0,1,1
1,2,1,1
1,1,2,1
1,2,1,1
1,2,1,1
0,2,0,1
1,2,1,1
9,0,3,1
4,0,3,1
4,0,1,1
6,1,1,1
17,1,0,2
11,1,1,1
20,1,0,2
10,1,2,1
20,0,2,1
16,0,1,1
0,2,0,1
3,2,1,1
7,1,2,1
28,1,1,1
10,0,3,1
8,1,2,1
10,0,3,1
2,2,1,1
3,1,2,1
,,,
4,2,1,1
2,2,1,1
26,0,0,2
2,2,1,1
23,2,0,1
5,1,2,1
1,2,1,1
1,2,1,1
1,2,1,1
14,1,1,1
18,0,0,2
8,0,3,1
7,0,3,1
3,0,3,1
14,0,2,1
8,1,2,1
4,1,2,1
9,0,3,1
16,0,1,1
6,0,3,1
18,1,1,1
0,3,0,1
0,3,0,1
7,2,1,1
12,0,2,1
0,3,0,1
6,0,3,1
3,2,1,1
25,0,0,2
3,1,2,1
8,2,1,1
21,1,1,1
0,3,0,1
0,3,0,1
34,0,0,2
49,0,1,1
19,1,1,1
22,1,0,2
2,1,1,1
10,0,3,1
0,0,0,2
0,0,0,2
0,0,0,2
3,0,1,1
2,0,1,1
22,0,0,2
19,0,0,2
0,0,0,2
0,0,0,2
0,1,0,2
0,1,0,2
0,0,0,2
22,0,2,1
0,0,0,2
0,0,0,2
0,0,0,2
13,0,0,2
0,1,0,2
0,1,0,2
0,0,0,2
0,0,0,2
22,0,0,2
5,1,2,1
13,2,0,1
21,1,1,1
30,1,0,2
1,2,1,1
0,2,0,1
4,2,1,1
5,0,2,1
3,2,1,1
42,1,1,1
25,0,0,2
0,3,0,1
1,1,2,1
17,1,1,1
11,0,2,1
2,1,2,1
4,1,2,1
2,2,1,1
1,2,1,1
0,3,0,1
3,2,1,1
2,2,1,1
11,0,2,1
0,3,0,1
4,1,2,1
4,2,1,1
0,0,0,2
15,0,1,1
4,2,1,1
12,1,1,1
16,0,1,1
12,1,1,1
2,1,1,1
0,3,0,1
11,0,2,1
11,0,2,1
23,1,1,1
6,1,2,1
4,0,3,1
13,1,1,1
2,2,1,1
11,0,2,1
17,0,1,1
23,1,1,1
2,1,2,1
11,0,0,2
7,0,3,1
8,0,3,1
7,0,3,1
2,2,1,1
13,2,0,1
2,2,1,1
11,1,1,1
2,2,1,1
0,3,0,1
5,1,2,1
4,1,2,1
2,1,2,1
5,2,1,1
0,3,0,1
4,0,3,1
23,1,1,1
3,1,1,1
2,2,1,1
26,0,0,2
10,1,2,1
10,1,2,1
5,2,1,1
2,2,1,1
14,0,2,1
16,0,1,1
23,0,0,2
7,1,2,1
7,0,3,1
18,1,1,1
16,0,1,1
12,1,0,2
14,2,0,1
11,1,1,1
0,3,0,1
28,0,1,1
5,0,3,1
2,2,1,1
3,1,1,1
2,2,1,1
25,0,0,2
1,2,1,1
11,0,2,1
2,2,1,1
9,2,1,1
7,1,2,1
22,1,1,1
10,0,3,1
0,3,0,1
9,0,2,1
4,0,3,1
27,0,1,1
11,2,0,1
29,1,1,1
0,3,0,1
2,2,1,1
0,3,0,1
2,2,1,1
24,0,1,1
6,2,1,1
0,3,0,1
0,3,0,1
2,1,2,1
9,1,2,1
11,1,1,1
20,1,0,2
11,2,0,1
5,0,3,1
20,1,1,1
1,2,1,1
0,3,0,1
2,2,1,1
10,1,2,1
2,1,1,1
31,0,1,1
12,1,1,1
3,2,1,1
6,2,1,1
28,2,0,1
0,3,0,1
135,2,0,1
0,3,0,1
1,2,1,1
0,3,0,1
9,1,2,1
16,1,1,1
26,0,0,2
0,3,0,1
19,1,1,1
9,2,1,1
1,2,1,1
21,1,0,2
12,0,2,1
20,1,1,1
20,0,1,1
0,3,0,1
0,3,0,1
0,3,0,1
61,0,0,1
17,0,1,1
0,3,0,1
3,2,1,1
0,3,0,1
9,0,3,1
11,0,2,1
0,3,0,1
24,0,1,1
19,1,0,2
2,0,3,1
2,1,1,1
10,1,2,1
2,1,2,1
57,0,0,1
10,0,3,1
19,0,0,2
12,0,2,1
0,3,0,1
14,0,2,1
4,2,1,1
2,2,1,1
19,0,1,1
30,0,1,1
21,1,0,2
16,0,2,1
0,3,0,1
2,2,1,1
3,0,3,1
8,0,3,1
2,1,1,1
6,1,2,1
0,3,0,1
17,1,1,1
32,0,0,2
7,0,3,1
43,0,1,1
39,0,1,1
62,0,0,1
3,1,2,1
1,2,1,1
12,1,1,1
5,2,1,1
48,0,0,1
16,1,1,1
28,0,1,1
2,1,2,1
0,3,0,1
23,1,1,1
88,0,0,1
0,3,0,1
2,2,1,1
6,0,3,1
1,2,1,1
11,1,1,1
45,0,0,1
2,2,1,1
8,0,3,1
22,1,1,1
14,1,1,1
0,2,0,1
4,2,1,1
13,1,1,1
8,2,1,1
6,0,3,1
6,2,1,1
8,1,2,1
0,3,0,1
0,3,0,1
4,1,2,1
24,0,1,1
11,0,2,1
2,2,1,1
20,1,0,2
3,1,2,1
29,0,0,2
8,1,2,1
0,3,0,1
6,0,3,1
2,0,3,1
7,0,3,1
2,2,1,1
11,1,1,1
4,1,2,1
11,1,1,1
13,2,0,1
1,1,2,1
2,0,3,1
2,0,3,1
2,1,1,1
2,2,1,1
0,3,0,1
2,2,1,1
1,2,1,1
25,1,0,2
6,0,3,1
4,1,2,1
33,0,1,1
20,1,1,1
13,0,2,1
13,1,1,1
0,3,0,1
0,2,0,1
18,2,0,1
4,1,2,1
1,2,1,1
9,1,2,1
0,3,0,1
27,1,0,2
0,3,0,1
29,0,0,2
13,2,0,1
7,1,2,1
8,0,3,1
6,0,3,1
9,0,3,1
7,1,2,1
1,2,1,1
13,0,2,1
18,0,2,1
0,3,0,1
5,2,1,1
6,0,3,1
24,0,1,1
18,0,1,1
22,1,0,2
21,1,1,1
13,1,1,1
15,1,1,1
12,2,0,1
2,1,2,1
4,0,3,1
18,0,0,2
3,2,1,1
6,0,3,1
31,1,1,1
2,0,3,1
2,1,1,1
14,0,1,1
15,0,1,1
22,0,1,1
2,1,2,1
1,2,1,1
0,3,0,1
17,0,1,1
23,2,0,1
13,0,0,2
2,1,2,1
15,0,2,1
19,1,0,2
27,0,0,2
1,2,1,1
2,0,3,1
5,1,2,1
23,0,2,1
23,2,0,1
0,3,0,1
3,0,3,1
0,3,0,1
2,1,2,1
4,2,1,1
6,1,2,1
2,1,2,1
2,2,1,1
0,3,0,1
88,0,0,1
6,0,3,1
0,3,0,1
2,1,1,1
1,2,1,1
7,0,3,1
1,2,1,1
2,0,3,1
42,0,1,1
0,3,0,1
9,1,2,1
24,0,2,1
32,0,1,1
11,0,2,1
8,0,3,1
6,2,1,1
12,0,1,1
0,3,0,1
14,0,2,1
15,2,0,1
4,1,1,1
9,1,2,1
1,2,1,1
22,0,1,1
6,0,3,1
11,2,0,1
20,1,0,2
7,1,2,1
6,2,1,1
4,0,3,1
16,0,1,1
20,2,0,1
4,1,2,1
2,2,1,1
7,0,3,1
3,1,2,1
2,2,1,1
22,0,1,1
0,3,0,1
11,0,2,1
1,2,1,1
2,2,1,1
14,1,1,1
18,1,0,2
10,0,3,1
17,1,1,1
17,1,1,1
19,1,0,2
22,1,1,1
12,2,0,1
9,2,1,1
23,0,0,2
22,0,1,1
26,0,1,1
10,0,3,1
,,,
17,0,1,1
0,3,0,1
13,0,1,1
0,3,0,1
9,1,2,1
20,0,2,1
9,0,3,1
1,2,1,1
29,1,0,2
29,1,0,2
13,0,2,1
1,2,1,1
19,0,0,2
13,0,2,1
10,1,2,1
17,2,0,1
18,1,1,1
22,1,1,1
8,0,3,1
2,2,1,1
15,0,2,1
21,2,0,1
15,0,2,1
1,2,1,1
1,1,2,1
14,1,0,2
1,2,1,1
3,1,2,1
0,3,0,1
5,1,2,1
8,0,3,1
10,1,2,1
28,0,0,2
48,0,1,1
9,2,1,1
16,0,2,1
15,0,1,1
1,2,1,1
20,2,0,1
15,0,0,2
11,2,0,1
9,0,3,1
18,0,1,1
1,2,1,1
17,1,1,1
4,1,2,1
0,3,0,1
10,2,1,1
22,2,0,1
18,1,0,2
4,0,3,1
8,0,3,1
3,0,3,1
2,1,2,1
1,2,1,1
42,1,0,1
6,2,1,1
8,0,3,1
30,0,1,1
46,0,1,1
3,1,2,1
10,1,2,1
1,2,1,1
55,0,0,1
13,0,2,1
1,1,2,1
28,0,2,1
18,0,1,1
11,1,1,1
48,0,0,1
23,0,0,2
8,0,3,1
18,0,0,2
9,1,2,1
0,3,0,1
11,2,0,1
11,0,2,1
11,2,0,1
13,0,2,1
27,1,1,1
40,0,2,1
5,0,3,1
41,0,1,1
17,0,2,1
1,2,1,1
21,0,0,2
16,0,1,1
1,1,2,1
16,0,0,2
1,2,1,1
6,0,3,1
26,1,0,2
23,1,1,1
21,0,2,1
6,1,2,1
1,2,1,1
14,0,1,1
10,0,3,1
14,0,2,1
12,0,2,1
1,1,2,1
5,1,2,1
28,1,1,1
0,1,0,2
7,1,2,1
2,1,1,1
3,1,2,1
1,1,2,1
8,0,3,1
5,1,2,1
36,1,1,1
7,0,3,1
13,0,1,1
15,1,0,2
23,1,1,1
9,0,3,1
1,1,2,1
16,2,0,1
9,1,2,1
7,1,2,1
20,0,2,1
12,2,0,1
0,3,0,1
1,1,2,1
4,1,2,1
14,0,2,1
25,1,0,2
1,1,2,1
8,1,2,1
0,3,0,1
3,1,2,1
3,2,1,1
46,0,0,1
1,1,2,1
0,3,0,1
23,0,0,2
2,1,2,1
0,3,0,1
9,0,2,1
44,0,0,1
14,0,2,1
,,,
5,1,2,1
4,0,3,1
45,0,0,1
1,2,1,1
5,0,3,1
10,0,3,1
19,0,0,2
2,1,1,1
13,0,2,1
0,3,0,1
2,1,2,1
10,0,3,1
4,2,1,1
8,0,3,1
5,0,3,1
8,0,3,1
5,1,2,1
35,0,2,1
0,3,0,1
1,1,2,1
2,1,2,1
17,1,1,1
3,1,2,1
10,1,2,1
9,1,2,1
10,0,3,1
4,1,2,1
1,2,1,1
8,1,2,1
14,0,2,1
10,1,2,1
27,0,0,2
12,0,2,1
29,2,0,1
12,0,2,1
17,1,1,1
1,2,1,1
8,0,3,1
7,0,3,1
10,0,3,1
10,0,3,1
24,0,2,1
16,0,0,2
13,1,1,1
1,2,1,1
0,3,0,1
10,1,2,1
3,0,3,1
16,0,2,1
22,0,1,1
3,1,2,1
13,1,1,1
10,1,2,1
1,1,2,1
13,0,2,1
17,0,2,1
10,2,1,1
11,1,1,1
3,2,1,1
17,0,2,1
3,0,3,1
18,0,1,1
3,1,2,1
11,1,1,1
10,0,3,1
31,0,0,2
2,1,2,1
1,1,2,1
2,1,2,1
9,0,3,1
3,2,1,1
6,0,3,1
1,1,2,1
0,3,0,1
10,0,3,1
1,2,1,1
2,1,2,1
1,2,1,1
21,0,1,1
8,0,3,1
4,0,3,1
15,1,1,1
64,1,0,1
2,1,2,1
3,1,2,1
13,0,2,1
28,0,1,1
2,0,2,1
0,3,0,1
18,0,2,1
21,0,1,1
83,1,0,1
12,0,2,1
13,0,2,1
12,1,1,1
29,2,0,1
14,0,2,1
26,0,0,2
1,1,2,1
40,0,0,1
3,1,2,1
3,0,3,1
8,1,1,1
8,0,3,1
3,0,3,1
29,0,1,1
17,0,0,2
3,1,2,1
1,1,2,1
0,3,0,1
2,1,1,1
12,0,2,1
6,0,3,1
46,0,1,1
17,0,1,1
0,3,0,1
3,0,3,1
6,1,2,1
23,0,0,2
13,0,0,2
22,0,0,2
22,0,2,1
20,0,1,1
2,0,2,1
17,0,2,1
3,0,3,1
23,0,0,2
1,2,1,1
1,2,1,1
2,1,2,1
8,1,2,1
12,0,2,1
11,1,1,1
3,1,2,1
20,1,1,1
9,0,3,1
3,0,3,1
0,3,0,1
54,1,1,1
17,0,1,1
5,1,2,1
5,1,2,1
0,3,0,1
2,2,1,1
2,1,2,1
8,1,2,1
0,3,0,1
5,2,1,1
3,0,3,1
10,1,2,1
0,3,0,1
7,1,2,1
0,3,0,1
23,1,0,2
4,1,2,1
4,2,1,1
0,3,0,1
14,1,0,2
18,0,1,1
8,0,3,1
4,2,1,1
7,0,3,1
17,1,0,2
7,0,3,1
0,3,0,1
22,0,2,1
1,2,1,1
0,3,0,1
4,0,3,1
0,3,0,1
3,2,1,1
6,0,3,1
0,3,0,1
25,2,0,1
0,3,0,1
0,3,0,1
3,2,1,1
8,0,3,1
25,0,1,1
1,2,1,1
1,2,1,1
8,1,2,1
7,2,1,1
0,3,0,1
0,3,0,1
21,0,1,1
7,1,2,1
49,0,1,1
10,1,2,1
0,3,0,1
3,2,1,1
67,0,0,1
0,1,0,2
0,0,0,2
0,0,0,2
0,0,0,2
3,0,1,1
0,0,0,2
0,0,0,2
0,0,0,2
0,0,0,2
0,0,0,2
0,0,0,2
0,0,0,2
3,0,1,1
0,0,0,2
0,0,0,2
0,0,0,2
0,0,0,2
0,0,0,2
0,1,0,2
0,0,0,2
0,1,0,2
0,0,0,2
0,0,0,2
0,0,0,2
0,0,0,2
3,0,1,1
0,0,0,2
0,0,0,2
0,0,0,2
0,0,0,2
0,0,0,2
0,0,0,2
0,1,0,2
0,1,0,2
0,1,0,2
0,0,0,2
7,0,1,1
5,0,1,1
0,1,0,2
0,0,0,2
0,0,0,2
0,0,0,2
0,1,0,2
0,0,0,2
0,0,0,2
9,1,2,1
13,0,1,1
15,1,1,1
20,0,1,1
1,2,1,1
4,2,1,1
2,1,2,1
8,0,1,1
28,1,1,1
0,3,0,1
25,0,0,2
8,2,1,1
1,2,1,1
5,0,3,1
10,0,3,1
0,3,0,1
17,1,0,2
4,1,2,1
0,3,0,1
0,3,0,1
2,1,2,1
2,2,1,1
10,0,3,1
34,0,1,1
18,2,0,1
10,2,1,1
56,1,0,1
11,0,2,1
0,3,0,1
0,3,0,1
4,0,3,1
35,1,1,1
2,1,2,1
1,2,1,1
15,0,1,1
16,0,0,2
3,1,2,1
8,0,3,1
8,0,3,1
1,2,1,1
1,2,1,1
0,3,0,1
11,0,2,1
23,1,0,2
7,0,3,1
4,1,2,1
25,0,2,1
11,2,0,1
1,2,1,1
1,1,2,1
3,1,2,1
9,0,3,1
3,0,3,1
0,3,0,1
1,2,1,1
8,2,1,1
0,3,0,1
16,0,1,1
3,1,2,1
3,2,1,1
3,2,1,1
11,1,1,1
25,2,0,1
0,3,0,1
7,1,2,1
2,1,2,1
21,1,1,1
8,0,3,1
19,1,0,2
16,0,2,1
9,0,3,1
1,2,1,1
7,1,2,1
2,1,2,1
1,2,1,1
0,3,0,1
3,1,1,1
1,2,1,1
18,0,2,1
11,2,0,1
10,1,2,1
7,0,3,1
1,2,1,1
1,2,1,1
42,0,0,1
8,1,2,1
2,1,2,1
2,0,3,1
1,2,1,1
5,2,1,1
7,1,2,1
22,1,1,1
4,1,2,1
10,0,3,1
5,1,2,1
18,0,2,1
5,0,3,1
11,1,1,1
1,2,1,1
1,2,1,1
3,2,1,1
26,1,1,1
24,0,1,1
1,2,1,1
5,2,1,1
8,2,1,1
8,0,3,1
11,0,1,1
4,2,1,1
20,0,0,2
0,3,0,1
0,3,0,1
2,2,1,1
10,1,2,1
5,0,3,1
1,2,1,1
2,2,1,1
1,2,1,1
3,2,1,1
4,2,1,1
2,0,3,1
12,1,1,1
0,3,0,1
47,0,0,1
12,0,2,1
28,1,0,2
3,2,1,1
4,0,3,1
2,2,1,1
9,1,2,1
26,0,0,2
1,2,1,1
2,0,3,1
1,1,2,1
10,1,2,1
20,0,0,2
0,3,0,1
3,2,1,1
25,2,0,1
26,2,0,1
24,0,1,1
61,2,0,1
17,2,0,1
11,0,2,1
7,2,1,1
19,0,1,1
1,2,1,1
11,1,1,1
3,0,3,1
0,3,0,1
1,2,1,1
57,0,0,1
22,0,0,2
1,2,1,1
24,1,1,1
21,0,2,1
9,2,1,1
3,1,2,1
10,1,2,1
11,0,2,1
1,2,1,1
11,0,0,2
23,0,1,1
2,2,1,1
4,2,1,1
0,3,0,1
8,2,1,1
0,3,0,1
5,0,3,1
20,1,1,1
2,2,1,1
2,2,1,1
9,0,3,1
0,3,0,1
0,3,0,1
10,0,3,1
14,1,1,1
12,2,0,1
12,1,1,1
17,2,0,1
0,3,0,1
3,2,1,1
6,0,3,1
4,1,2,1
0,3,0,1
4,2,1,1
0,1,0,2
3,1,2,1
4,2,1,1
0,3,0,1
16,0,2,1
0,3,0,1
3,0,3,1
8,0,3,1
2,2,1,1
13,1,1,1
3,2,1,1
0,3,0,1
17,1,0,2
32,0,0,2
59,1,0,1
0,3,0,1
23,1,1,1
13,1,1,1
4,1,2,1
4,2,1,1
15,1,1,1
4,2,1,1
2,1,2,1
25,2,0,1
6,0,3,1
3,2,1,1
11,1,1,1
2,2,1,1
45,0,1,1
7,0,3,1
27,1,1,1
25,2,0,1
3,2,1,1
13,1,1,1
3,2,1,1
6,0,3,1
0,3,0,1
7,1,2,1
5,1,2,1
7,1,2,1
3,2,1,1
9,2,1,1
0,3,0,1
0,3,0,1
13,1,1,1
24,0,1,1
6,0,3,1
1,2,1,1
27,1,0,2
11,0,2,1
29,0,1,1
15,0,1,1
3,1,2,1
5,1,2,1
0,3,0,1
4,0,3,1
6,2,1,1
31,0,1,1
20,0,1,1
10,2,1,1
10,1,2,1
7,2,1,1
10,0,3,1
0,3,0,1
11,2,0,1
11,2,0,1
4,2,1,1
2,2,1,1
27,1,0,2
2,2,1,1
7,2,1,1
2,2,1,1
24,1,0,2
11,0,2,1
6,0,3,1
11,0,2,1
0,3,0,1
89,0,0,1
7,1,2,1
20,0,2,1
7,0,3,1
4,2,1,1
0,3,0,1
2,1,2,1
15,0,1,1
21,0,1,1
2,2,1,1
0,3,0,1
0,3,0,1
13,1,0,2
0,3,0,1
0,3,0,1
25,2,0,1
2,2,1,1
4,1,2,1
0,3,0,1
4,0,3,1
4,2,1,1
19,0,0,2
4,2,1,1
2,2,1,1
1,2,1,1
0,3,0,1
0,3,0,1
13,0,2,1
7,1,2,1
4,2,1,1
2,1,2,1
0,3,0,1
36,1,1,1
75,0,0,1
2,2,1,1
2,2,1,1
14,0,0,2
2,2,1,1
20,1,1,1
4,0,3,1
24,1,0,2
2,2,1,1
6,1,2,1
11,2,0,1
0,3,0,1
3,2,1,1
21,0,2,1
7,2,1,1
3,1,2,1
34,1,1,1
27,1,1,1
2,1,2,1
6,1,2,1
4,1,2,1
2,2,1,1
7,2,1,1
45,1,0,1
2,2,1,1
1,2,1,1
2,2,1,1
11,1,1,1
18,1,0,2
5,2,1,1
5,2,1,1
21,1,1,1
0,3,0,1
14,2,0,1
6,0,3,1
7,1,2,1
23,1,1,1
19,0,1,1
9,0,3,1
2,2,1,1
0,3,0,1
0,3,0,1
4,2,1,1
5,1,2,1
6,1,2,1
0,3,0,1
9,0,3,1
3,2,1,1
22,0,0,2
18,1,0,2
2,2,1,1
0,3,0,1
37,1,0,1
21,1,0,2
7,0,3,1
0,3,0,1
11,2,0,1
3,0,3,1
2,1,2,1
1,2,1,1
12,1,1,1
7,0,3,1
5,1,2,1
3,1,2,1
5,2,1,1
20,1,0,2
13,1,1,1
13,1,1,1
2,2,1,1
15,0,1,1
28,0,0,2
0,3,0,1
11,0,2,1
8,2,1,1
2,1,2,1
22,1,0,2
21,1,1,1
18,1,1,1
6,0,3,1
6,1,2,1
22,0,1,1
2,2,1,1
0,3,0,1
3,2,1,1
4,1,2,1
0,3,0,1
21,0,1,1
0,3,0,1
6,0,3,1
0,3,0,1
10,2,1,1
20,1,1,1
18,1,0,2
18,2,0,1
17,0,1,1
19,1,0,2
23,0,1,1
16,0,1,1
22,0,1,1
26,0,1,1
0,3,0,1
2,1,2,1
17,0,1,1
52,1,0,1
1,2,1,1
2,2,1,1
52,0,0,1
20,0,2,1
9,0,3,1
5,1,2,1
29,0,0,2
9,2,1,1
1,1,2,1
15,0,1,1
13,0,2,1
8,2,1,1
1,2,1,1
50,1,0,1
0,3,0,1
8,1,2,1
0,3,0,1
8,1,2,1
0,3,0,1
8,0,3,1
68,0,1,1
15,0,2,1
0,3,0,1
5,1,2,1
1,2,1,1
6,1,2,1
8,1,2,1
7,0,3,1
2,2,1,1
18,1,1,1
4,0,3,1
4,2,1,1
16,0,2,1
23,0,2,1
6,1,2,1
15,0,1,1
9,1,2,1
15,0,0,2
15,1,0,2
10,1,2,1
9,0,3,1
17,0,2,1
10,1,2,1
22,1,0,2
18,1,0,2
1,2,1,1
63,0,1,1
8,0,3,1
5,0,3,1
6,1,2,1
40,0,2,1
19,1,1,1
7,1,2,1
8,0,3,1
30,0,1,1
14,1,1,1
34,1,1,1
8,1,2,1
15,0,2,1
8,1,2,1
28,0,1,1
47,1,0,1
2,1,2,1
48,0,0,1
0,3,0,1
18,0,0,2
9,0,3,1
11,1,1,1
11,0,2,1
40,0,1,1
5,0,3,1
17,0,2,1
6,1,2,1
16,0,0,2
5,1,2,1
3,1,2,1
16,0,0,2
26,0,0,2
23,1,0,2
21,0,2,1
22,0,2,1
1,2,1,1
3,0,1,1
3,2,1,1
13,0,0,2
22,1,0,2
15,1,0,2
18,1,1,1
0,3,0,1
9,2,1,1
,,,
4,1,2,1
8,2,1,1
1,1,2,1
1,2,1,1
12,2,0,1
21,0,0,2
14,0,2,1
13,0,2,1
9,1,2,1
14,0,2,1
8,0,3,1
11,1,1,1
15,0,2,1
13,0,2,1
14,0,2,1
9,0,3,1
12,1,0,2
0,3,0,1
1,2,1,1
4,1,2,1
14,0,2,1
17,1,0,2
10,2,1,1
23,0,0,2
17,0,2,1
5,1,2,1
17,0,1,1
10,0,3,1
19,0,0,2
4,2,1,1
10,1,2,1
2,2,1,1
0,3,0,1
17,0,2,1
14,1,1,1
18,1,1,1
2,2,1,1
3,1,2,1
16,1,1,1
9,1,2,1
10,0,3,1
11,1,1,1
11,1,1,1
3,1,2,1
14,0,2,1
3,1,2,1
11,1,1,1
3,1,2,1
9,0,3,1
1,2,1,1
10,0,3,1
10,0,3,1
24,0,1,1
0,3,0,1
23,0,0,2
13,0,2,1
10,1,2,1
11,0,2,1
27,1,1,1
16,0,1,1
22,0,1,1
3,1,2,1
55,1,0,1
13,0,2,1
8,0,3,1
21,1,1,1
11,1,1,1
17,0,2,1
10,0,3,1
31,0,2,1
22,1,1,1
31,0,0,2
0,3,0,1
9,1,2,1
1,2,1,1
3,1,2,1
9,0,3,1
6,0,3,1
21,0,0,2
3,2,1,1
11,0,2,1
14,1,1,1
9,2,1,1
21,0,0,2
8,0,3,1
9,1,2,1
1,2,1,1
14,0,1,1
28,0,1,1
21,0,1,1
83,0,0,1
3,1,2,1
13,0,2,1
8,2,1,1
0,3,0,1
1,2,1,1
24,0,1,1
10,2,1,1
24,0,0,2
4,0,3,1
2,2,1,1
8,1,2,1
18,0,2,1
14,1,1,1
15,0,2,1
10,2,1,1
35,0,0,2
29,2,0,1
17,0,2,1
11,1,1,1
4,2,1,1
3,1,2,1
14,0,1,1
1,2,1,1
16,1,1,1
10,0,3,1
17,0,1,1
10,0,3,1
11,0,2,1
21,0,0,2
1,2,1,1
22,0,1,1
2,2,1,1
3,0,3,1
23,0,0,2
1,2,1,1
11,1,1,1
10,0,3,1
0,3,0,1
3,2,1,1
11,1,1,1
13,1,0,2
9,2,1,1
0,3,0,1
13,1,0,2
0,3,0,1
3,1,2,1
20,1,1,1
3,2,1,1
5,2,1,1
5,1,2,1
0,3,0,1
1,2,1,1
5,0,3,1
8,0,3,1
11,0,2,1
29,1,1,1
12,1,1,1
13,0,2,1
0,3,0,1
14,0,2,1
2,2,1,1
1,1,2,1
14,1,1,1
0,3,0,1
24,0,2,1
7,0,3,1
24,0,0,2
0,2,0,1
22,0,0,2
0,3,0,1
1,2,1,1
1,2,1,1
10,1,2,1
10,2,1,1
1,0,1,1
1,2,1,1
20,0,2,1
0,3,0,1
7,1,2,1
25,0,2,1
5,2,1,1
10,0,3,1
1,2,1,1
0,3,0,1
28,2,0,1
0,3,0,1
6,0,3,1
1,1,2,1
0,3,0,1
0,3,0,1
10,1,2,1
29,2,0,1
7,0,3,1
24,2,0,1
34,0,0,2
3,2,1,1
23,0,0,2
7,2,1,1
2,2,1,1
5,2,1,1
7,2,1,1
4,2,1,1
18,0,2,1
0,3,0,1
2,2,1,1
7,0,3,1
0,3,0,1
13,0,2,1
4,2,1,1
0,3,0,1
29,0,1,1
1,1,2,1
11,1,1,1
7,2,1,1
6,0,3,1
4,2,1,1
25,1,1,1
8,1,2,1
13,2,0,1
7,2,1,1
11,2,0,1
6,2,1,1
0,3,0,1
11,0,2,1
8,0,3,1
3,1,2,1
22,0,2,1
0,3,0,1
5,1,2,1
1,2,1,1
3,2,1,1
11,1,1,1
7,1,2,1
22,1,1,1
1,2,1,1
7,2,1,1
6,2,1,1
1,2,1,1
0,0,0,2
0,0,0,2
0,0,0,2
5,0,1,1
0,0,0,2
0,0,0,2
0,0,0,2
0,0,0,2
0,0,0,2
0,0,0,2
0,0,0,2
0,0,0,2
5,0,1,1
0,0,0,2
0,1,0,2
0,0,0,2
0,0,0,2
0,1,0,2
4,0,1,1
0,0,0,2
0,1,0,2
0,1,0,2
0,1,0,2
0,0,0,2
0,0,0,2
0,0,0,2
0,0,0,2
0,0,0,2
0,0,0,2
0,1,0,2
0,0,0,2
0,0,0,2
0,1,0,2
0,0,0,2
0,0,0,2
0,0,0,2
4,0,1,1
0,0,0,2
0,0,0,2
0,0,0,2
3,0,1,1
0,0,0,2
0,0,0,2
0,0,0,2
0,0,0,2
0,0,0,2
0,0,0,2
5,0,1,1
0,0,0,2
0,0,0,2
0,0,0,2
0,1,0,2
3,0,1,1
5,0,1,1
18,0,1,1
0,0,0,2
0,0,0,2
0,1,0,2
0,1,0,2
0,0,0,2
11,0,0,2
0,0,0,2
0,0,0,2
0,0,0,2
0,0,0,2
0,1,0,2
6,0,1,1
0,0,0,2
0,0,0,2
0,0,0,2
27,0,0,2
9,1,2,1
1,1,2,1
36,0,1,1
13,0,2,1
15,1,0,2
21,1,0,2
4,1,2,1
21,0,2,1
25,1,1,1
7,0,3,1
4,1,2,1
5,2,1,1
18,0,2,1
2,2,1,1
1,2,1,1
26,1,1,1
0,3,0,1
8,0,3,1
17,1,1,1
16,0,2,1
22,0,2,1
2,1,2,1
5,1,2,1
18,2,0,1
5,1,2,1
34,0,1,1
19,1,0,2
74,0,0,1
1,1,2,1
16,0,0,2
7,0,3,1
47,0,0,1
29,0,1,1
24,0,0,2
2,2,1,1
11,0,2,1
43,0,0,1
12,0,1,1
8,0,3,1
11,0,2,1
29,0,0,2
18,1,1,1
12,0,1,1
7,0,3,1
11,1,1,1
0,3,0,1
4,2,1,1
1,1,2,1
0,3,0,1
8,1,2,1
8,2,1,1
1,2,1,1
12,2,0,1
24,1,1,1
11,1,1,1
5,0,3,1
2,2,1,1
29,0,2,1
1,1,2,1
4,1,2,1
15,0,1,1
9,2,1,1
33,0,2,1
9,0,3,1
8,0,3,1
18,0,2,1
9,0,3,1
59,1,0,1
2,1,2,1
1,2,1,1
12,1,1,1
1,2,1,1
18,0,2,1
15,1,1,1
8,0,3,1
10,1,2,1
32,0,1,1
8,0,3,1
8,1,2,1
3,1,2,1
9,1,2,1
16,0,2,1
19,0,1,1
5,0,3,1
3,1,2,1
1,1,2,1
11,0,2,1
5,1,2,1
16,0,2,1
9,0,3,1
11,0,1,1
9,1,2,1
20,0,0,2
9,2,1,1
10,1,2,1
1,1,2,1
5,0,3,1
10,2,1,1
11,1,1,1
2,1,2,1
3,2,1,1
3,1,2,1
12,2,0,1
19,1,1,1
1,2,1,1
10,0,3,1
0,3,0,1
5,2,1,1
1,2,1,1
1,1,2,1
4,0,3,1
16,0,1,1
52,1,0,1
26,2,0,1
29,0,1,1
0,3,0,1
2,1,2,1
40,0,0,1
17,1,1,1
20,0,0,2
4,2,1,1
13,0,2,1
9,1,2,1
1,2,1,1
,,,
0,3,0,1
17,1,1,1
22,0,2,1
4,1,2,1
2,2,1,1
4,0,3,1
10,0,3,1
1,2,1,1
26,0,0,2
15,0,2,1
4,0,1,1
0,3,0,1
0,3,0,1
5,0,3,1
3,2,1,1
0,3,0,1
15,1,0,2
0,3,0,1
20,1,0,2
20,2,0,1
16,0,2,1
2,2,1,1
6,2,1,1
0,3,0,1
8,0,3,1
2,2,1,1
10,2,1,1
0,3,0,1
0,3,0,1
0,3,0,1
19,0,0,2
27,0,1,1
0,3,0,1
0,3,0,1
13,1,0,2
10,2,1,1
28,2,0,1
2,2,1,1
18,0,1,1
4,1,2,1
7,2,1,1
12,0,2,1
7,2,1,1
11,1,0,2
24,0,2,1
14,0,2,1
13,0,2,1
12,2,0,1
58,1,0,1
0,3,0,1
7,0,3,1
26,1,1,1
10,1,2,1
14,2,0,1
0,3,0,1
4,2,1,1
4,2,1,1
0,3,0,1
19,1,0,2
24,0,1,1
7,0,3,1
0,3,0,1
0,3,0,1
17,1,1,1
0,3,0,1
17,0,0,2
0,2,0,1
3,1,2,1
1,2,1,1
12,0,1,1
3,1,2,1
5,2,1,1
4,0,3,1
7,2,1,1
5,2,1,1
31,0,2,1
59,2,0,1
0,3,0,1
10,1,2,1
4,2,1,1
11,1,1,1
1,2,1,1
7,2,1,1
17,2,0,1
0,3,0,1
5,2,1,1
12,1,1,1
10,1,2,1
0,3,0,1
38,0,0,1
13,0,1,1
12,2,0,1
0,3,0,1
7,0,3,1
3,2,1,1
20,0,1,1
14,0,2,1
27,1,1,1
3,2,1,1
3,1,2,1
21,0,0,2
0,3,0,1
0,3,0,1
4,0,3,1
0,3,0,1
2,2,1,1
27,0,0,2
3,2,1,1
3,2,1,1
6,0,3,1
7,1,2,1
17,1,1,1
0,3,0,1
13,0,2,1
11,0,2,1
6,2,1,1
10,2,1,1
4,1,2,1
0,3,0,1
0,3,0,1
7,2,1,1
20,1,0,2
4,0,3,1
27,1,0,2
0,3,0,1
3,1,2,1
2,2,1,1
4,2,1,1
3,2,1,1
3,1,2,1
21,0,1,1
7,1,2,1
27,1,0,2
6,0,3,1
20,2,0,1
14,1,1,1
45,0,0,1
2,2,1,1
13,1,1,1
13,2,0,1
5,1,2,1
14,1,1,1
6,0,3,1
80,0,0,1
7,0,3,1
2,1,2,1
19,0,2,1
10,0,3,1
4,2,1,1
33,0,1,1
0,3,0,1
3,2,1,1
8,1,2,1
4,1,2,1
6,0,3,1
21,0,0,2
52,0,1,1
10,0,3,1
22,0,1,1
14,1,1,1
6,0,3,1
0,3,0,1
37,0,0,1
24,1,1,1
20,1,0,2
6,0,3,1
26,0,1,1
3,2,1,1
17,1,1,1
5,0,3,1
6,1,2,1
28,1,0,2
26,1,0,2
4,2,1,1
20,0,0,2
33,0,2,1
10,2,1,1
2,1,2,1
7,0,1,1
5,2,1,1
33,0,2,1
3,2,1,1
3,2,1,1
9,1,2,1
17,0,0,2
1,2,1,1
0,2,0,1
23,0,1,1
8,2,1,1
15,1,1,1
20,0,1,1
11,0,2,1
2,2,1,1
1,1,2,1
26,0,1,1
1,2,1,1
12,2,0,1
12,1,1,1
1,1,2,1
1,1,1,1
17,0,0,2
52,0,0,1
1,1,2,1
12,1,1,1
5,1,2,1
2,1,2,1
15,0,2,1
19,0,2,1
12,0,2,1
1,2,1,1
5,0,3,1
1,2,1,1
4,1,2,1
29,0,0,2
3,2,1,1
5,0,3,1
15,0,1,1
20,2,0,1
14,1,1,1
12,0,2,1
1,2,1,1
1,1,1,1
1,2,1,1
10,2,1,1
15,1,0,2
1,2,1,1
10,2,1,1
6,1,2,1
2,2,1,1
5,2,1,1
9,0,3,1
5,0,3,1
5,1,2,1
5,1,2,1
5,0,3,1
9,1,2,1
16,0,2,1
2,1,2,1
23,0,1,1
40,0,0,1
5,1,2,1
44,0,0,1
29,0,2,1
22,2,0,1
12,0,2,1
20,0,0,2
15,0,0,2
9,1,2,1
4,1,1,1
1,1,2,1
1,2,1,1
1,2,1,1
9,0,3,1
27,0,1,1
19,2,0,1
17,0,2,1
9,1,2,1
20,2,0,1
4,0,3,1
22,0,0,2
20,0,0,2
15,0,2,1
8,0,3,1
5,0,3,1
2,0,3,1
8,1,2,1
1,2,1,1
22,1,1,1
7,1,2,1
12,0,2,1
28,1,0,2
19,0,2,1
59,1,0,1
1,2,1,1
1,2,1,1
0,3,0,1
15,1,1,1
7,1,2,1
40,2,0,1
1,2,1,1
15,0,1,1
8,0,3,1
1,2,1,1
9,0,3,1
17,0,0,2
1,1,2,1
0,3,0,1
28,0,1,1
16,0,0,2
13,0,2,1
0,3,0,1
14,0,1,1
11,0,2,1
49,1,0,1
5,1,2,1
20,0,1,1
5,0,3,1
41,0,1,1
5,2,1,1
17,0,1,1
8,2,1,1
1,2,1,1
19,0,0,2
16,0,0,2
16,0,0,2
1,1,2,1
2,2,1,1
9,1,2,1
12,0,1,1
0,2,0,1
26,0,0,2
18,1,1,1
12,0,2,1
22,0,2,1
21,1,1,1
6,1,2,1
14,0,1,1
10,0,3,1
14,2,0,1
3,0,3,1
10,1,2,1
0,3,0,1
4,2,1,1
9,0,3,1
13,0,1,1
2,1,2,1
4,0,3,1
0,3,0,1
13,1,1,1
11,1,1,1
4,2,1,1
0,3,0,1
15,0,1,1
15,0,1,1
25,1,0,2
22,2,0,1
7,0,3,1
45,0,0,1
12,1,1,1
12,0,1,1
7,2,1,1
11,2,0,1
8,2,1,1
4,0,3,1
16,1,0,2
5,1,2,1
20,0,0,2
31,1,1,1
10,1,2,1
15,2,0,1
16,0,2,1
11,0,2,1
50,0,1,1
1,2,1,1
10,1,2,1
1,2,1,1
8,2,1,1
4,1,2,1
3,2,1,1
9,0,3,1
3,2,1,1
21,1,0,2
11,2,0,1
3,0,3,1
0,3,0,1
11,0,2,1
29,0,0,2
16,1,1,1
10,1,2,1
15,0,2,1
11,1,0,2
2,2,1,1
6,0,3,1
15,1,1,1
19,1,1,1
11,0,2,1
10,2,1,1
10,0,3,1
1,1,2,1
24,0,0,2
17,1,1,1
23,0,0,2
13,0,2,1
17,1,1,1
23,0,2,1
27,1,0,2
12,0,1,1
8,1,2,1
16,2,0,1
44,1,0,1
13,0,2,1
7,1,2,1
15,0,2,1
21,0,1,1
2,2,1,1
17,0,1,1
22,1,1,1
18,1,1,1
15,0,0,2
9,1,2,1
8,2,1,1
4,2,1,1
6,0,3,1
22,0,0,2
7,1,2,1
14,0,1,1
3,2,1,1
11,1,1,1
22,0,0,2
5,0,3,1
13,2,0,1
15,1,1,1
0,3,0,1
0,3,0,1
55,0,0,1
8,2,1,1
11,0,2,1
13,0,2,1
41,0,1,1
45,0,0,1
15,0,2,1
11,0,2,1
83,0,1,1
35,1,1,1
3,1,2,1
13,0,2,1
9,2,1,1
31,0,2,1
54,1,0,1
21,0,1,1
20,0,2,1
15,2,0,1
3,1,2,1
15,1,1,1
3,1,1,1
,,,
7,2,1,1
7,1,2,1
18,0,1,1
21,1,0,2
14,0,2,1
1,1,2,1
15,0,2,1
10,2,1,1
35,0,0,2
9,2,1,1
10,2,1,1
11,1,1,1
11,1,1,1
4,1,2,1
8,2,1,1
7,1,2,1
0,2,0,1
17,0,1,1
10,2,1,1
11,0,2,1
0,2,0,1
0,2,0,1
2,2,1,1
13,0,1,1
22,0,1,1
9,2,1,1
8,2,1,1
2,2,1,1
24,0,1,1
24,0,2,1
21,0,0,2
4,2,1,1
14,0,1,1
4,0,3,1
3,2,1,1
1,1,2,1
15,0,2,1
9,2,1,1
4,1,2,1
8,1,2,1
1,2,1,1
11,0,2,1
7,0,3,1
1,2,1,1
32,1,1,1
2,2,1,1
4,1,2,1
8,1,2,1
10,0,2,1
10,1,2,1
11,1,1,1
7,0,3,1
1,2,1,1
1,1,2,1
4,2,1,1
4,1,2,1
7,1,2,1
25,0,1,1
1,2,1,1
8,2,1,1
1,2,1,1
0,3,0,1
6,0,3,1
4,0,3,1
0,2,0,1
1,2,1,1
15,1,1,1
6,0,3,1
4,2,1,1
23,0,0,2
4,1,2,1
7,1,2,1
3,2,1,1
7,0,3,1
19,2,0,1
7,0,3,1
13,0,1,1
38,0,0,1
11,1,1,1
4,0,3,1
5,2,1,1
4,1,2,1
1,2,1,1
7,1,2,1
1,2,1,1
22,1,1,1
1,2,1,1
11,1,1,1
1,2,1,1
2,2,1,1
8,0,3,1
10,0,3,1
23,1,1,1
22,0,2,1
1,2,1,1
56,0,1,1
26,0,1,1
1,0,1,1
2,2,1,1
1,0,1,1
7,0,1,1
0,0,0,2
10,0,1,1
22,0,0,2
0,0,0,2
0,3,0,1
0,1,0,2
25,0,0,2
6,2,1,1
52,1,0,1
21,0,1,1
4,0,1,1
2,2,1,1
8,0,3,1
0,0,0,2
0,0,0,2
0,1,0,2
3,0,1,1
0,1,0,2
4,0,1,1
22,0,0,2
0,1,0,2
18,0,0,2
0,3,0,1
0,1,0,2
0,0,0,2
0,1,0,2
0,1,0,2
3,0,1,1
0,0,0,2
8,0,1,1
2,0,1,1
0,0,0,2
4,0,1,1
0,0,0,2
17,0,0,2
0,0,0,2
4,2,1,1
20,2,0,1
0,3,0,1
0,1,0,2
28,0,1,1
0,1,0,2
22,0,0,2
0,1,0,2
0,0,0,2
3,0,1,1
7,1,2,1
2,0,1,1
0,0,0,2
0,1,0,2
22,0,0,2
0,3,0,1
20,0,0,2
3,0,1,1
20,0,2,1
15,0,1,1
5,1,2,1
1,2,1,1
16,0,0,2
0,2,0,1
21,1,0,2
2,1,2,1
15,0,2,1
2,2,1,1
25,0,1,1
0,3,0,1
0,3,0,1
12,0,2,1
16,0,2,1
1,2,1,1
27,0,1,1
8,0,3,1
3,1,2,1
1,1,2,1
5,0,3,1
17,0,1,1
26,0,1,1
1,1,2,1
19,0,2,1
6,0,3,1
1,1,2,1
1,2,1,1
20,0,0,2
17,1,1,1
1,1,2,1
16,0,2,1
2,1,2,1
3,1,2,1
47,0,0,1
29,0,1,1
24,0,0,2
18,1,1,1
14,0,2,1
0,1,0,2
43,0,1,1
3,1,2,1
29,0,0,2
0,3,0,1
29,0,1,1
4,0,3,1
12,0,2,1
5,0,3,1
1,1,2,1
0,3,0,1
25,1,0,2
20,0,1,1
0,3,0,1
0,3,0,1
1,1,2,1
2,1,2,1
2,0,3,1
1,1,2,1
14,2,0,1
4,1,2,1
1,2,1,1
13,0,1,1
2,1,2,1
26,1,1,1
1,2,1,1
1,2,1,1
2,0,3,1
29,0,1,1
7,0,3,1
1,0,3,1
3,0,3,1
8,1,2,1
19,1,1,1
1,1,2,1
27,0,2,1
9,0,3,1
2,1,2,1
3,1,2,1
13,0,2,1
1,2,1,1
2,1,2,1
2,0,3,1
3,2,1,1
25,1,1,1
2,1,2,1
22,2,0,1
29,0,1,1
3,0,3,1
29,1,1,1
18,0,2,1
0,3,0,1
14,0,2,1
4,1,2,1
20,0,2,1
3,1,2,1
32,0,1,1
8,1,2,1
2,1,2,1
8,0,3,1
0,2,0,1
0,2,0,1
2,2,1,1
1,1,2,1
9,1,2,1
1,2,1,1
16,0,2,1
2,1,2,1
3,1,2,1
19,0,0,2
8,0,3,1
5,0,3,1
11,1,1,1
26,0,2,1
26,0,1,1
14,0,2,1
2,2,1,1
2,1,2,1
0,3,0,1
4,1,2,1
1,1,2,1
9,1,2,1
1,2,1,1
1,1,2,1
26,1,1,1
1,1,2,1
1,2,1,1
1,2,1,1
12,0,2,1
1,2,1,1
1,1,2,1
0,2,0,1
0,2,0,1
11,0,2,1
0,2,0,1
5,0,3,1
3,1,2,1
7,0,2,1
1,2,1,1
0,3,0,1
19,2,0,1
0,2,0,1
19,1,1,1
1,0,3,1
19,0,2,1
2,1,2,1
5,0,3,1
0,3,0,1
1,2,1,1
0,3,0,1
9,0,3,1
12,1,1,1
0,3,0,1
1,2,1,1
2,0,3,1
5,0,3,1
4,1,2,1
40,0,0,1
17,0,1,1
2,1,2,1
20,0,0,2
5,1,2,1
2,0,3,1
1,2,1,1
2,1,2,1
13,0,2,1
1,2,1,1
2,2,1,1
28,1,1,1
17,0,1,1
22,0,1,1
1,2,1,1
26,1,1,1
5,0,3,1
0,2,0,1
0,3,0,1
1,1,2,1
1,2,1,1
1,0,3,1
11,0,2,1
1,2,1,1
4,1,2,1
1,1,2,1
8,1,2,1
21,0,2,1
5,1,2,1
3,2,1,1
24,0,1,1
25,0,1,1
15,0,2,1
29,0,2,1
1,1,2,1
29,0,0,2
10,1,2,1
5,0,3,1
20,1,1,1
0,3,0,1
11,1,1,1
1,1,2,1
26,0,2,1
10,1,2,1
4,1,2,1
4,1,2,1
8,0,3,1
24,1,1,1
1,2,1,1
26,1,0,2
18,2,0,1
24,1,1,1
1,2,1,1
9,1,2,1
3,2,1,1
17,0,1,1
14,0,2,1
6,2,1,1
11,1,1,1
7,0,2,1
22,0,2,1
22,1,1,1
14,1,0,2
22,1,0,2
7,0,3,1
5,0,3,1
4,1,2,1
15,2,0,1
22,0,0,2
14,2,0,1
,,,
0,3,0,1
10,1,2,1
28,1,0,2
0,3,0,1
12,0,2,1
3,2,1,1
24,0,2,1
10,0,3,1
30,1,0,2
31,0,0,2
14,1,0,2
27,1,0,2
6,1,1,1
7,2,1,1
15,0,2,1
0,3,0,1
14,1,0,2
15,2,0,1
0,3,0,1
10,2,1,1
0,3,0,1
19,0,0,2
25,0,1,1
15,0,2,1
0,3,0,1
27,1,1,1
17,0,0,2
0,2,0,1
3,1,2,1
4,2,1,1
11,1,1,1
5,1,2,1
9,0,3,1
5,1,2,1
0,3,0,1
7,1,2,1
7,0,3,1
45,0,0,1
9,2,1,1
3,2,1,1
18,1,0,2
7,2,1,1
12,0,1,1
7,1,2,1
13,0,1,1
9,0,3,1
1,2,1,1
3,1,2,1
25,0,0,2
3,1,2,1
14,0,0,2
12,1,1,1
0,3,0,1
3,1,2,1
8,0,3,1
27,0,0,2
7,1,2,1
17,1,0,2
3,2,1,1
9,0,3,1
0,3,0,1
61,1,1,1
28,2,0,1
0,3,0,1
18,0,1,1
0,3,0,1
9,2,1,1
14,0,2,1
20,0,0,2
27,0,0,2
0,3,0,1
11,1,1,1
7,1,2,1
28,0,0,2
23,1,0,2
0,3,0,1
14,0,2,1
27,0,0,2
2,1,2,1
34,0,0,2
14,0,2,1
8,0,3,1
49,0,1,1
4,1,2,1
7,1,2,1
3,2,1,1
7,0,3,1
11,0,2,1
11,0,1,1
21,1,1,1
15,2,0,1
23,0,0,2
0,3,0,1
7,0,2,1
20,0,0,2
4,2,1,1
18,1,0,2
0,3,0,1
10,1,2,1
5,1,2,1
0,3,0,1
7,1,2,1
34,1,1,1
13,2,0,1
1,2,1,1
18,0,1,1
3,2,1,1
3,2,1,1
12,0,2,1
0,3,0,1
1,2,1,1
15,2,0,1
0,3,0,1
40,0,0,1
6,0,3,1
6,1,2,1
11,0,2,1
21,1,1,1
14,0,2,1
12,2,0,1
0,3,0,1
3,1,2,1
25,0,0,2
52,0,0,1
24,1,1,1
26,0,1,1
2,2,1,1
2,2,1,1
2,1,2,1
20,0,0,2
23,2,0,1
3,1,2,1
120,0,1,1
2,2,1,1
7,0,2,1
9,1,2,1
33,0,1,1
19,2,0,1
41,0,0,1
23,0,0,2
20,0,0,2
23,0,2,1
2,2,1,1
14,0,2,1
5,1,1,1
12,1,0,2
0,3,0,1
2,2,1,1
12,1,1,1
15,0,0,2
10,1,2,1
4,1,2,1
55,0,0,1
2,2,1,1
0,3,0,1
2,1,2,1
65,0,1,1
2,2,1,1
5,1,2,1
7,0,2,1
15,0,1,1
0,3,0,1
24,1,0,2
14,1,1,1
12,0,2,1
9,2,1,1
2,1,2,1
33,0,2,1
20,2,0,1
5,0,3,1
20,2,0,1
6,2,1,1
5,1,2,1
12,0,2,1
10,1,2,1
16,0,2,1
2,2,1,1
2,2,1,1
2,2,1,1
40,0,0,1
16,0,1,1
2,2,1,1
12,0,1,1
20,0,0,2
16,0,0,2
17,1,1,1
24,1,1,1
8,0,3,1
4,0,3,1
20,0,1,1
6,0,3,1
15,0,2,1
8,0,3,1
0,2,0,1
22,1,1,1
27,0,1,1
19,0,1,1
4,2,1,1
16,1,0,2
6,1,2,1
16,0,0,2
2,1,2,1
3,1,2,1
2,2,1,1
28,0,0,2
15,0,1,1
13,0,2,1
14,0,2,1
2,2,1,1
0,3,0,1
49,1,0,1
5,0,3,1
20,0,1,1
3,2,1,1
6,0,3,1
17,0,0,2
6,0,3,1
13,1,1,1
14,0,0,2
10,1,2,1
18,1,1,1
2,0,1,1
3,1,1,1
3,2,1,1
0,3,0,1
23,1,0,2
6,1,2,1
8,1,2,1
1,2,1,1
1,2,1,1
15,0,0,2
4,1,2,1
8,1,2,1
19,1,0,2
8,2,1,1
13,0,2,1
0,3,0,1
7,0,3,1
2,0,3,1
21,1,0,2
12,1,1,1
19,0,1,1
1,2,1,1
14,0,0,2
14,1,0,2
5,0,3,1
14,1,1,1
5,1,2,1
9,0,3,1
7,0,3,1
0,3,0,1
8,2,1,1
1,1,2,1
22,0,0,2
15,0,2,1
11,1,1,1
4,2,1,1
45,0,0,1
11,0,1,1
14,1,1,1
4,0,3,1
18,1,0,2
10,1,2,1
19,0,0,2
61,1,0,1
0,3,0,1
7,2,1,1
0,3,0,1
14,2,0,1
13,1,1,1
1,2,1,1
12,0,1,1
0,3,0,1
16,1,1,1
50,0,0,1
12,0,2,1
0,3,0,1
0,3,0,1
0,2,0,1
0,3,0,1
0,3,0,1
7,1,2,1
14,0,2,1
5,2,1,1
29,0,0,2
16,0,2,1
4,1,2,1
25,0,1,1
11,1,1,1
11,0,0,2
15,1,1,1
7,0,3,1
0,3,0,1
0,3,0,1
0,3,0,1
10,2,1,1
0,3,0,1
11,1,1,1
14,0,1,1
1,2,1,1
3,1,2,1
9,1,2,1
10,1,2,1
35,0,0,2
11,0,2,1
8,1,1,1
4,0,3,1
0,3,0,1
0,2,0,1
12,0,2,1
0,3,0,1
18,0,1,1
11,2,0,1
18,1,0,2
51,0,0,1
13,0,1,1
2,1,2,1
22,1,1,1
16,1,1,1
0,3,0,1
2,2,1,1
0,2,0,1
2,2,1,1
14,0,2,1
27,0,1,1
4,0,3,1
11,2,0,1
7,1,2,1
26,0,1,1
1,2,1,1
1,2,1,1
1,2,1,1
0,3,0,1
0,3,0,1
1,2,1,1
1,2,1,1
22,0,2,1
18,1,1,1
9,0,3,1
4,2,1,1
11,1,1,1
4,1,2,1
2,2,1,1
0,2,0,1
4,0,3,1
1,2,1,1
16,2,0,1
3,0,3,1
7,0,3,1
1,2,1,1
19,0,0,2
11,0,1,1
8,0,3,1
0,3,0,1
9,2,1,1
5,2,1,1
14,1,1,1
1,1,2,1
18,0,2,1
29,0,1,1
0,3,0,1
45,0,0,1
0,3,0,1
15,0,2,1
12,0,2,1
22,0,2,1
13,1,1,1
12,0,2,1
2,2,1,1
0,3,0,1
0,3,0,1
14,2,0,1
15,1,0,2
36,0,0,1
10,2,1,1
7,1,2,1
18,0,0,2
21,1,1,1
0,3,0,1
14,0,2,1
4,0,3,1
15,0,1,1
11,1,1,1
0,2,0,1
1,2,1,1
8,2,1,1
11,0,2,1
16,1,0,2
8,1,2,1
7,1,2,1
8,2,1,1
14,0,2,1
10,1,2,1
11,0,2,1
0,3,0,1
1,2,1,1
24,2,0,1
8,2,1,1
4,1,2,1
11,0,2,1
4,1,2,1
22,0,1,1
11,1,1,1
1,2,1,1
14,2,0,1
2,1,2,1
24,0,2,1
21,0,1,1
5,1,2,1
14,0,1,1
31,1,1,1
15,0,1,1
1,2,1,1
0,3,0,1
11,1,1,1
0,2,0,1
8,1,2,1
10,0,3,1
56,0,0,1
0,3,0,1
19,1,1,1
18,1,1,1
0,3,0,1
3,2,1,1
0,3,0,1
14,0,1,1
11,1,1,1
1,2,1,1
10,1,2,1
15,2,0,1
14,1,0,2
3,2,1,1
0,3,0,1
7,0,3,1
9,0,3,1
11,0,2,1
23,1,0,2
3,1,2,1
13,0,2,1
14,1,1,1
1,1,2,1
5,1,2,1
24,0,0,2
4,0,3,1
18,0,2,1
89,0,0,1
11,0,1,1
4,1,2,1
26,0,0,2
0,3,0,1
29,0,0,2
10,0,3,1
0,3,0,1
0,2,0,1
10,1,2,1
2,2,1,1
0,3,0,1
25,0,1,1
8,1,2,1
10,0,3,1
8,1,2,1
1,1,2,1
4,1,2,1
3,2,1,1
28,0,1,1
6,0,3,1
1,1,1,1
4,1,2,1
54,1,0,1
23,0,0,2
2,2,1,1
6,1,2,1
5,0,3,1
7,2,1,1
4,1,2,1
34,0,1,1
0,3,0,1
7,0,3,1
1,2,1,1
19,1,0,2
6,0,3,1
31,1,1,1
0,3,0,1
13,0,1,1
0,3,0,1
1,1,1,1
1,2,1,1
59,0,0,1
4,1,2,1
2,1,2,1
10,1,2,1
6,0,3,1
6,2,1,1
0,2,0,1
0,3,0,1
8,1,2,1
13,0,2,1
2,0,3,1
24,1,1,1
0,2,0,1
0,3,0,1
22,1,1,1
0,2,0,1
4,2,1,1
11,0,2,1
1,2,1,1
5,2,1,1
2,2,1,1
1,1,2,1
8,2,1,1
1,2,1,1
8,1,1,1
8,0,3,1
6,0,3,1
1,2,1,1
2,2,1,1
22,0,1,1
0,3,0,1
0,3,0,1
2,2,1,1
0,3,0,1
0,2,0,1
1,2,1,1
1,2,1,1
18,2,0,1
20,0,1,1
1,1,2,1
28,0,0,2
0,3,0,1
4,2,1,1
8,1,2,1
0,1,0,2
5,0,1,1
0,1,0,2
0,0,0,2
0,0,0,2
0,1,0,2
0,0,0,2
7,0,1,1
28,0,0,2
0,1,0,2
0,0,0,2
1,0,1,1
0,0,0,2
0,1,0,2
0,1,0,2
0,1,0,2
0,1,0,2
0,1,0,2
0,1,0,2
0,1,0,2
0,1,0,2
0,2,0,1
0,1,0,2
0,1,0,2
0,1,0,2
8,0,1,1
0,1,0,2
0,0,0,2
0,0,0,2
2,0,1,1
0,1,0,2
0,1,0,2
0,0,0,2
0,1,0,2
1,0,1,1
0,1,0,2
0,0,0,2
16,0,0,2
0,0,0,2
0,0,0,2
2,1,1,1
1,0,1,1
1,1,2,1
13,0,2,1
8,1,2,1
20,0,0,2
1,2,1,1
16,0,0,2
1,1,2,1
7,2,1,1
1,1,2,1
21,0,0,2
0,3,0,1
15,0,2,1
5,2,1,1
0,3,0,1
12,0,2,1
3,2,1,1
0,3,0,1
10,1,2,1
0,3,0,1
8,0,3,1
19,0,2,1
10,1,2,1
1,2,1,1
20,0,1,1
26,0,0,2
0,3,0,1
2,0,3,1
15,1,1,1
21,0,0,2
18,2,0,1
0,3,0,1
1,1,2,1
5,1,2,1
29,0,2,1
27,0,0,2
29,0,0,2
2,2,1,1
1,2,1,1
5,0,3,1
0,3,0,1
15,0,2,1
29,0,1,1
5,2,1,1
24,0,0,2
0,3,0,1
1,2,1,1
11,0,2,1
6,0,3,1
5,1,2,1
4,1,2,1
1,2,1,1
11,1,1,1
26,0,1,1
7,2,1,1
4,0,3,1
12,2,0,1
0,3,0,1
1,2,1,1
3,1,2,1
17,0,0,2
27,0,1,1
13,1,1,1
27,1,1,1
14,0,2,1
1,2,1,1
19,1,1,1
3,1,2,1
6,2,1,1
9,0,3,1
0,3,0,1
12,1,1,1
0,2,0,1
13,0,2,1
51,0,0,1
0,3,0,1
20,1,1,1
1,1,2,1
3,0,3,1
7,2,1,1
25,1,0,2
0,3,0,1
22,1,0,2
0,2,0,1
12,1,1,1
10,0,3,1
8,2,1,1
3,2,1,1
41,0,0,1
14,0,2,1
6,1,2,1
24,0,1,1
26,0,1,1
0,3,0,1
5,0,3,1
1,1,1,1
0,2,0,1
15,2,0,1
9,0,3,1
2,2,1,1
0,2,0,1
3,0,2,1
11,1,1,1
26,0,2,1
26,0,2,1
52,0,1,1
30,0,1,1
0,3,0,1
3,1,2,1
0,3,0,1
34,0,0,2
13,1,1,1
1,2,1,1
5,0,3,1
3,0,3,1
1,2,1,1
19,1,1,1
1,2,1,1
5,1,2,1
23,1,0,2
11,0,2,1
22,0,2,1
1,2,1,1
6,0,3,1
0,2,0,1
7,0,3,1
23,1,0,2
24,0,1,1
7,0,3,1
2,1,2,1
1,2,1,1
0,3,0,1
6,0,3,1
0,3,0,1
3,2,1,1
10,0,3,1
12,1,1,1
14,1,0,2
18,1,1,1
4,1,2,1
5,0,3,1
6,1,2,1
27,0,1,1
28,1,1,1
20,0,0,2
2,1,2,1
5,0,3,1
10,0,3,1
37,1,1,1
22,0,0,2
7,0,2,1
3,1,2,1
22,2,0,1
26,1,1,1
37,0,2,1
3,0,3,1
1,2,1,1
8,1,2,1
11,0,2,1
14,0,0,2
16,0,1,1
12,0,2,1
0,3,0,1
26,0,1,1
22,0,1,1
2,2,1,1
4,1,2,1
3,1,2,1
3,2,1,1
10,1,2,1
12,1,0,2
31,0,0,2
22,0,0,2
8,0,3,1
0,3,0,1
12,0,2,1
3,1,2,1
5,0,3,1
16,1,0,2
22,0,0,2
61,2,0,1
15,1,0,2
59,0,0,1
0,3,0,1
,,,
3,2,1,1
26,2,0,1
1,2,1,1
5,2,1,1
15,2,0,1
13,2,0,1
2,1,1,1
9,1,2,1
28,0,0,2
0,3,0,1
31,0,2,1
9,2,1,1
19,2,0,1
13,0,1,1
0,3,0,1
9,0,2,1
7,1,2,1
24,0,1,1
14,0,2,1
30,1,1,1
67,0,1,1
13,0,2,1
4,1,2,1
0,3,0,1
15,1,0,2
9,1,2,1
8,1,2,1
39,0,1,1
6,2,1,1
1,2,1,1
19,0,0,2
0,3,0,1
6,2,1,1
30,0,0,2
25,0,1,1
12,1,0,2
15,0,1,1
3,2,1,1
5,2,1,1
3,2,1,1
0,3,0,1
7,2,1,1
0,3,0,1
1,2,1,1
0,3,0,1
17,0,0,2
1,2,1,1
8,2,1,1
0,3,0,1
7,1,2,1
1,2,1,1
5,1,2,1
5,2,1,1
14,0,1,1
5,1,2,1
9,2,1,1
5,0,3,1
3,2,1,1
0,3,0,1
12,2,0,1
0,3,0,1
9,1,1,1
7,0,3,1
0,3,0,1
15,1,1,1
11,1,1,1
0,2,0,1
7,1,2,1
0,3,0,1
7,1,1,1
7,1,2,1
0,3,0,1
19,0,0,2
0,3,0,1
7,1,2,1
0,3,0,1
10,2,1,1
0,3,0,1
21,1,1,1
1,2,1,1
0,3,0,1
14,0,1,1
3,2,1,1
24,0,2,1
13,0,2,1
14,1,1,1
5,0,3,1
8,2,1,1
1,1,2,1
9,0,3,1
2,1,1,1
5,1,2,1
26,1,1,1
25,0,0,2
27,1,1,1
0,2,0,1
11,0,2,1
0,3,0,1
16,0,0,2
3,1,2,1
5,1,2,1
40,0,0,1
0,3,0,1
0,3,0,1
1,2,1,1
10,2,1,1
7,0,3,1
0,2,0,1
8,0,3,1
0,3,0,1
27,0,0,2
0,2,0,1
2,2,1,1
9,0,3,1
12,1,1,1
23,0,0,2
12,2,0,1
9,0,3,1
0,2,0,1
0,3,0,1
3,2,1,1
8,0,3,1
17,0,0,2
10,1,2,1
0,3,0,1
27,0,0,2
12,1,1,1
2,1,2,1
1,1,1,1
9,0,3,1
1,2,1,1
4,1,2,1
29,0,0,2
1,2,1,1
23,2,0,1
0,3,0,1
16,0,1,1
27,0,0,2
16,1,1,1
4,2,1,1
22,1,0,2
0,2,0,1
8,0,3,1
21,0,2,1
17,1,1,1
0,3,0,1
54,1,0,1
7,0,3,1
56,0,0,1
1,2,1,1
8,1,2,1
8,1,2,1
7,0,3,1
25,0,0,2
10,2,1,1
1,2,1,1
2,1,2,1
0,3,0,1
0,3,0,1
26,0,1,1
21,0,1,1
0,3,0,1
11,2,0,1
0,3,0,1
14,2,0,1
8,0,3,1
26,0,0,2
7,0,3,1
0,3,0,1
26,0,0,2
5,1,2,1
0,3,0,1
8,2,1,1
28,0,0,2
0,3,0,1
8,2,1,1
10,1,2,1
13,1,1,1
11,2,0,1
11,0,2,1
7,1,2,1
7,1,2,1
0,2,0,1
7,1,2,1
22,0,0,2
5,1,2,1
30,1,0,2
120,0,1,1
14,1,1,1
8,0,3,1
2,2,1,1
2,2,1,1
11,1,1,1
0,2,0,1
28,0,1,1
0,3,0,1
0,2,0,1
13,1,1,1
41,0,0,1
4,2,1,1
15,0,1,1
4,1,2,1
20,0,0,2
23,0,1,1
2,1,2,1
7,1,2,1
4,2,1,1
2,2,1,1
0,3,0,1
18,0,1,1
7,2,1,1
8,1,2,1
15,0,1,1
3,0,3,1
30,0,0,2
17,0,2,1
12,1,1,1
33,0,2,1
19,0,1,1
12,0,2,1
0,3,0,1
2,2,1,1
2,2,1,1
37,0,1,1
2,2,1,1
41,0,0,1
7,0,3,1
12,2,0,1
2,1,1,1
2,2,1,1
0,3,0,1
9,0,3,1
5,1,2,1
4,2,1,1
6,1,2,1
0,3,0,1
2,2,1,1
0,3,0,1
14,0,2,1
20,0,2,1
12,0,2,1
23,1,1,1
0,2,0,1
10,1,2,1
2,2,1,1
10,1,2,1
2,1,2,1
6,2,1,1
2,2,1,1
2,2,1,1
5,0,3,1
23,0,0,2
2,0,3,1
0,3,0,1
6,1,2,1
10,2,1,1
2,2,1,1
2,2,1,1
10,0,3,1
12,0,2,1
5,1,2,1
0,3,0,1
5,1,2,1
5,0,3,1
0,2,0,1
11,0,2,1
10,0,3,1
9,1,2,1
4,1,2,1
7,1,2,1
24,0,0,2
16,0,2,1
0,3,0,1
4,1,2,1
16,0,2,1
6,1,2,1
9,1,2,1
14,0,0,2
2,0,3,1
2,2,1,1
28,0,0,2
16,0,1,1
20,1,1,1
2,2,1,1
0,3,0,1
24,0,1,1
19,0,0,2
13,0,2,1
0,2,0,1
20,0,1,1
6,0,3,1
44,1,0,1
4,0,3,1
17,0,2,1
5,0,3,1
0,3,0,1
61,2,0,1
2,2,1,1
22,0,1,1
7,0,3,1
28,0,0,2
21,0,1,1
2,2,1,1
4,1,2,1
17,1,0,2
1,2,1,1
2,2,1,1
7,0,3,1
18,0,0,2
13,1,1,1
2,2,1,1
9,0,3,1
6,0,3,1
7,1,2,1
0,3,0,1
2,1,2,1
16,0,1,1
12,1,1,1
14,0,1,1
6,2,1,1
14,0,2,1
24,1,0,2
82,0,0,1
5,0,3,1
20,0,0,2
7,1,2,1
6,0,3,1
2,2,1,1
18,0,0,2
6,0,3,1
0,3,0,1
14,1,0,2
0,2,0,1
18,0,1,1
2,2,1,1
63,0,1,1
2,2,1,1
5,0,3,1
2,2,1,1
5,0,3,1
11,1,1,1
2,1,2,1
24,0,2,1
5,1,2,1
10,2,1,1
1,1,1,1
6,1,2,1
14,0,0,2
12,0,0,2
8,1,2,1
5,0,3,1
16,0,1,1
17,1,0,2
5,1,2,1
0,3,0,1
27,0,2,1
7,1,1,1
19,0,1,1
7,1,2,1
11,0,2,1
7,0,3,1
17,1,1,1
28,1,0,2
30,0,0,2
0,3,0,1
7,0,3,1
3,1,2,1
16,2,0,1
14,1,0,2
16,0,1,1
5,0,3,1
7,1,2,1
7,0,3,1
0,3,0,1
0,2,0,1
23,0,0,2
0,2,0,1
9,1,2,1
0,3,0,1
2,1,2,1
10,1,2,1
0,2,0,1
12,0,1,1
6,2,1,1
16,2,0,1
0,3,0,1
9,2,1,1
0,3,0,1
1,2,1,1
11,0,2,1
9,1,2,1
28,0,2,1
23,0,0,2
8,0,3,1
4,1,2,1
27,0,0,2
4,1,2,1
11,0,0,2
2,1,2,1
15,0,2,1
7,0,3,1
2,2,1,1
9,2,1,1
9,1,1,1
10,1,2,1
23,0,0,2
11,1,0,2
4,1,2,1
32,0,0,2
11,0,2,1
5,0,3,1
53,0,0,1
12,0,2,1
18,0,1,1
136,0,0,1
13,0,0,2
0,3,0,1
24,0,1,1
14,0,1,1
16,0,2,1
9,0,3,1
12,2,0,1
11,0,2,1
26,0,0,2
1,2,1,1
16,0,1,1
6,1,2,1
4,2,1,1
4,2,1,1
0,2,0,1
12,2,0,1
9,0,3,1
0,2,0,1
9,0,3,1
9,2,1,1
0,2,0,1
0,3,0,1
2,2,1,1
3,1,2,1
0,3,0,1
20,2,0,1
0,3,0,1
6,0,3,1
22,1,1,1
16,1,1,1
6,0,3,1
4,1,1,1
7,0,3,1
12,1,0,2
16,0,0,2
10,0,3,1
2,2,1,1
7,1,2,1
1,2,1,1
1,2,1,1
3,1,2,1
5,1,2,1
23,0,1,1
4,0,3,1
24,0,0,2
0,3,0,1
5,2,1,1
18,0,1,1
12,0,1,1
10,0,3,1
46,0,0,1
0,3,0,1
13,0,2,1
13,0,1,1
14,0,1,1
3,2,1,1
14,1,1,1
7,1,2,1
15,0,0,2
29,1,1,1
5,0,3,1
7,0,3,1
17,0,0,2
21,0,2,1
11,0,2,1
2,1,2,1
9,2,1,1
6,1,2,1
5,0,3,1
9,1,2,1
87,1,0,1
11,0,2,1
8,0,3,1
17,0,2,1
16,0,1,1
0,3,0,1
11,1,1,1
24,1,0,2
11,0,2,1
22,0,2,1
0,2,0,1
9,1,2,1
6,2,1,1
0,3,0,1
20,0,0,2
3,2,1,1
0,3,0,1
2,2,1,1
0,3,0,1
24,0,1,1
21,0,1,1
7,0,3,1
14,0,1,1
7,0,3,1
13,1,1,1
20,1,1,1
15,0,1,1
0,3,0,1
11,1,1,1
16,0,2,1
5,1,2,1
10,1,2,1
56,0,0,1
4,0,3,1
0,2,0,1
0,2,0,1
24,1,0,2
11,0,2,1
1,2,1,1
7,2,1,1
15,0,0,2
4,0,3,1
12,0,2,1
0,3,0,1
0,3,0,1
1,2,1,1
5,2,1,1
10,0,3,1
0,3,0,1
0,3,0,1
0,3,0,1
14,1,1,1
2,1,1,1
0,3,0,1
25,0,1,1
8,1,2,1
1,2,1,1
1,2,1,1
10,1,2,1
4,1,2,1
4,0,3,1
28,0,0,2
3,1,2,1
10,0,3,1
23,0,0,2
6,1,2,1
0,2,0,1
2,0,2,1
2,1,2,1
1,2,1,1
19,0,0,2
6,0,3,1
4,2,1,1
11,0,1,1
82,0,0,1
4,1,2,1
4,2,1,1
59,0,0,1
0,3,0,1
10,0,3,1
10,1,2,1
1,2,1,1
8,0,3,1
9,2,1,1
10,2,1,1
14,2,0,1
1,2,1,1
6,1,2,1
4,1,2,1
0,3,0,1
3,1,2,1
1,2,1,1
10,1,2,1
1,2,1,1
8,0,3,1
11,1,0,2
4,1,2,1
1,2,1,1
2,2,1,1
22,0,2,1
7,1,2,1
1,2,1,1
2,2,1,1
4,1,2,1
4,1,2,1
28,0,0,2
3,2,1,1
61,1,1,1
0,0,0,2
2,0,1,1
0,0,0,2
20,0,0,2
23,0,0,2
1,1,2,1
10,0,3,1
0,1,0,2
2,0,1,1
2,0,1,1
2,0,1,1
0,0,0,2
4,0,1,1
0,0,0,2
1,2,1,1
0,0,0,2
9,0,1,1
6,0,3,1
0,0,0,2
0,0,0,2
0,0,0,2
2,0,1,1
0,3,0,1
0,0,0,2
2,0,1,1
0,0,0,2
0,0,0,2
0,0,0,2
6,2,1,1
22,0,2,1
0,0,0,2
2,0,1,1
0,0,0,2
0,1,0,2
2,0,1,1
0,1,0,2
4,0,1,1
0,0,0,2
0,1,0,2
0,1,0,2
4,0,3,1
11,1,1,1
0,0,0,2
15,0,2,1
20,0,0,2
18,1,1,1
15,0,0,2
16,0,0,2
0,3,0,1
21,0,0,2
5,1,2,1
15,0,2,1
0,3,0,1
14,0,2,1
7,1,2,1
11,2,0,1
9,2,1,1
0,3,0,1
5,0,3,1
19,0,2,1
20,0,0,2
1,2,1,1
24,1,0,2
6,1,2,1
0,3,0,1
0,3,0,1
45,0,0,1
5,1,2,1
27,1,1,1
22,0,1,1
68,0,1,1
25,1,1,1
48,0,0,1
11,0,1,1
4,2,1,1
10,2,1,1
11,1,1,1
18,1,1,1
3,2,1,1
19,2,0,1
1,2,1,1
27,2,0,1
17,0,1,1
16,2,0,1
0,3,0,1
3,0,3,1
9,2,1,1
0,3,0,1
19,0,2,1
9,0,3,1
3,2,1,1
12,1,1,1
4,2,1,1
22,1,0,2
17,1,1,1
0,3,0,1
3,0,3,1
4,2,1,1
2,1,1,1
21,1,0,2
5,0,3,1
9,2,1,1
18,0,2,1
11,1,1,1
41,0,0,1
14,0,2,1
24,0,0,2
4,2,1,1
26,0,0,2
8,2,1,1
0,3,0,1
28,2,0,1
17,2,0,1
0,3,0,1
0,3,0,1
3,2,1,1
15,0,2,1
0,3,0,1
7,1,2,1
0,3,0,1
26,0,1,1
7,0,3,1
4,1,2,1
13,1,1,1
1,2,1,1
19,0,1,1
34,0,0,2
0,2,0,1
9,0,3,1
31,0,0,2
0,3,0,1
21,1,0,2
21,2,0,1
23,1,0,2
10,0,3,1
0,3,0,1
0,3,0,1
0,2,0,1
2,1,1,1
2,2,1,1
7,0,3,1
1,2,1,1
11,2,0,1
12,2,0,1
15,0,2,1
24,1,0,2
82,0,0,1
0,3,0,1
86,0,0,1
16,1,0,2
10,0,3,1
5,1,2,1
0,3,0,1
14,1,1,1
1,2,1,1
0,3,0,1
0,3,0,1
3,0,3,1
0,3,0,1
9,0,3,1
27,0,2,1
17,1,1,1
7,0,3,1
11,0,2,1
0,2,0,1
0,3,0,1
1,2,1,1
3,1,2,1
61,0,0,1
0,3,0,1
7,2,1,1
2,1,2,1
2,2,1,1
0,3,0,1
,,,
7,0,3,1
9,0,3,1
1,2,1,1
27,1,1,1
37,0,2,1
26,0,1,1
5,0,3,1
18,2,0,1
29,0,2,1
4,0,3,1
12,1,1,1
1,2,1,1
1,2,1,1
1,2,1,1
28,1,0,2
7,1,2,1
33,1,1,1
19,1,0,2
2,2,1,1
4,0,3,1
7,1,2,1
7,1,2,1
22,0,1,1
11,0,2,1
24,0,1,1
0,2,0,1
12,0,0,2
26,0,0,2
18,0,2,1
4,1,2,1
37,0,1,1
11,0,2,1
61,1,1,1
10,2,1,1
0,3,0,1
22,0,0,2
2,2,1,1
11,0,2,1
16,0,0,2
0,3,0,1
12,0,2,1
5,0,3,1
16,0,0,2
22,0,0,2
,,,
15,0,0,2
10,1,2,1
0,3,0,1
4,1,2,1
9,0,3,1
2,2,1,1
21,0,1,1
31,0,2,1
24,1,0,2
0,3,0,1
74,0,0,1
16,0,1,1
30,0,2,1
12,0,2,1
0,3,0,1
44,0,0,1
3,1,2,1
3,2,1,1
15,0,1,1
2,2,1,1
10,0,3,1
0,3,0,1
11,1,1,1
19,0,0,2
2,2,1,1
10,1,2,1
2,2,1,1
30,0,0,2
25,0,0,2
16,0,0,2
6,2,1,1
2,1,2,1
9,1,2,1
4,1,1,1
15,0,0,2
16,1,1,1
0,2,0,1
9,0,3,1
6,1,2,1
2,2,1,1
16,1,0,2
9,1,2,1
2,2,1,1
2,1,2,1
15,0,2,1
11,1,1,1
13,2,0,1
7,1,2,1
11,0,2,1
0,3,0,1
3,1,1,1
11,2,0,1
9,1,2,1
11,2,0,1
10,0,3,1
9,0,3,1
4,1,2,1
3,0,3,1
10,0,3,1
12,1,1,1
25,0,0,2
7,1,2,1
11,0,2,1
11,2,0,1
16,0,0,2
3,1,1,1
17,1,1,1
13,2,0,1
3,2,1,1
8,0,3,1
27,0,0,2
24,0,2,1
2,2,1,1
12,0,2,1
23,0,0,2
9,0,3,1
37,0,1,1
4,2,1,1
2,1,1,1
4,2,1,1
2,0,3,1
2,1,2,1
26,0,2,1
17,0,2,1
16,0,0,2
17,2,0,1
2,2,1,1
2,2,1,1
16,0,0,2
4,0,3,1
1,1,2,1
3,1,2,1
2,2,1,1
9,1,2,1
2,2,1,1
9,0,3,1
2,2,1,1
2,2,1,1
86,0,0,1
7,2,1,1
29,0,0,2
0,3,0,1
23,1,0,2
16,0,1,1
26,0,0,2
1,2,1,1
2,1,2,1
0,3,0,1
9,2,1,1
7,1,2,1
22,1,1,1
61,0,1,1
8,0,3,1
10,0,3,1
2,2,1,1
9,0,3,1
30,1,1,1
7,1,2,1
4,1,2,1
8,1,2,1
20,2,0,1
3,1,2,1
2,2,1,1
10,2,1,1
12,0,1,1
26,0,0,2
21,0,0,2
4,2,1,1
20,0,2,1
26,0,0,2
17,0,2,1
6,1,2,1
13,1,1,1
11,1,1,1
2,2,1,1
2,2,1,1
0,3,0,1
31,0,0,2
0,3,0,1
6,1,2,1
15,1,0,2
26,2,0,1
3,2,1,1
3,1,2,1
3,1,2,1
0,3,0,1
14,0,2,1
7,1,2,1
1,2,1,1
9,0,3,1
14,1,0,2
1,2,1,1
6,1,2,1
7,2,1,1
17,0,2,1
0,1,0,2
3,2,1,1
16,0,0,2
0,3,0,1
0,3,0,1
2,1,2,1
22,0,0,2
5,1,2,1
14,0,1,1
0,3,0,1
4,1,2,1
5,2,1,1
28,0,0,2
2,1,2,1
0,3,0,1
2,1,1,1
4,2,1,1
76,0,0,1
0,2,0,1
26,0,0,2
0,3,0,1
12,0,2,1
15,0,0,2
1,2,1,1
25,0,2,1
4,1,2,1
8,1,2,1
7,1,2,1
8,1,2,1
29,0,1,1
10,1,2,1
1,2,1,1
4,0,3,1
17,0,1,1
5,1,2,1
33,0,1,1
19,0,1,1
14,0,2,1
3,0,3,1
3,1,2,1
4,1,2,1
2,1,1,1
9,0,3,1
8,1,2,1
2,1,2,1
3,2,1,1
25,1,1,1
7,2,1,1
0,3,0,1
6,0,3,1
0,3,0,1
23,0,1,1
10,0,3,1
2,2,1,1
8,0,3,1
8,2,1,1
1,2,1,1
131,1,0,1
4,0,3,1
13,0,2,1
1,2,1,1
5,2,1,1
4,1,2,1
2,1,1,1
1,2,1,1
4,1,2,1
14,0,2,1
21,0,1,1
7,1,2,1
6,1,2,1
5,0,3,1
11,0,2,1
10,0,3,1
5,1,2,1
9,0,3,1
8,0,3,1
0,2,0,1
24,0,0,2
4,0,3,1
16,0,1,1
0,3,0,1
2,1,1,1
1,2,1,1
6,0,3,1
14,0,0,2
7,0,3,1
28,0,0,2
20,1,1,1
2,1,2,1
14,2,0,1
32,0,0,2
24,0,1,1
8,0,3,1
2,1,1,1
6,1,2,1
7,0,3,1
0,2,0,1
2,1,2,1
2,1,1,1
8,2,1,1
18,0,1,1
13,1,1,1
4,0,3,1
19,0,1,1
4,2,1,1
8,2,1,1
15,0,2,1
10,2,1,1
21,0,1,1
5,1,1,1
,,,
2,1,1,1
0,3,0,1
8,1,2,1
7,0,3,1
17,1,0,2
26,0,0,2
8,1,2,1
1,2,1,1
2,0,3,1
3,1,2,1
9,0,3,1
0,3,0,1
8,0,3,1
4,0,3,1
26,0,2,1
2,1,2,1
14,0,2,1
6,1,2,1
14,0,2,1
3,0,3,1
25,0,0,2
46,0,0,1
5,0,3,1
0,3,0,1
10,1,2,1
8,0,3,1
5,0,3,1
0,3,0,1
18,0,0,2
4,0,3,1
4,2,1,1
27,1,0,2
2,1,2,1
18,0,0,2
4,1,2,1
1,2,1,1
3,0,3,1
0,3,0,1
0,3,0,1
5,0,3,1
5,0,3,1
11,0,2,1
8,1,2,1
11,0,2,1
2,1,2,1
2,1,2,1
10,1,2,1
50,0,0,1
8,0,3,1
17,1,0,2
0,3,0,1
48,0,0,1
2,1,2,1
0,3,0,1
23,0,0,2
6,1,2,1
5,2,1,1
16,0,0,2
13,0,2,1
0,1,0,2
0,3,0,1
14,0,2,1
5,0,3,1
12,1,1,1
2,2,1,1
2,2,1,1
12,2,0,1
20,1,1,1
13,0,1,1
12,0,1,1
5,0,3,1
16,0,1,1
17,0,0,2
4,0,3,1
15,2,0,1
2,2,1,1
27,0,1,1
7,1,2,1
7,0,3,1
17,0,1,1
24,0,2,1
41,0,2,1
61,0,1,1
2,2,1,1
6,0,3,1
6,1,2,1
2,1,1,1
16,1,1,1
6,0,3,1
64,0,1,1
2,2,1,1
8,2,1,1
23,0,0,2
13,2,0,1
44,0,0,1
9,1,2,1
13,0,1,1
4,1,2,1
2,2,1,1
12,0,1,1
0,3,0,1
12,0,2,1
12,0,1,1
6,1,2,1
6,2,1,1
2,1,2,1
7,1,2,1
3,2,1,1
2,1,2,1
9,1,2,1
9,0,3,1
5,1,2,1
8,0,3,1
1,2,1,1
4,0,3,1
27,0,0,2
15,0,2,1
2,2,1,1
16,0,2,1
6,1,2,1
2,1,2,1
13,1,1,1
3,1,2,1
11,0,1,1
3,1,2,1
4,1,2,1
4,0,3,1
0,3,0,1
14,0,1,1
11,0,2,1
5,0,3,1
3,1,2,1
2,0,3,1
28,1,1,1
12,0,2,1
0,2,0,1
18,0,0,2
2,2,1,1
136,0,0,1
24,1,0,2
0,3,0,1
13,0,1,1
14,2,0,1
24,0,0,2
,,,
14,0,1,1
9,0,3,1
12,1,1,1
11,0,2,1
16,0,2,1
2,2,1,1
1,2,1,1
0,3,0,1
8,0,3,1
0,3,0,1
6,2,1,1
0,3,0,1
0,3,0,1
9,0,3,1
2,1,1,1
0,3,0,1
0,3,0,1
6,0,3,1
13,1,1,1
1,2,1,1
27,1,1,1
6,0,3,1
5,0,3,1
2,2,1,1
2,2,1,1
19,1,0,2
0,3,0,1
10,0,3,1
2,2,1,1
2,2,1,1
9,2,1,1
13,1,1,1
2,2,1,1
1,2,1,1
0,3,0,1
12,0,1,1
22,0,2,1
13,0,1,1
6,1,2,1
6,1,2,1
13,1,1,1
0,3,0,1
29,1,1,1
0,3,0,1
13,0,2,1
17,0,0,2
6,0,3,1
16,0,1,1
11,1,1,1
0,3,0,1
30,0,1,1
11,0,2,1
9,0,3,1
60,0,1,1
0,2,0,1
26,1,0,2
9,0,3,1
2,1,1,1
17,0,2,1
11,1,1,1
24,1,0,2
13,0,1,1
7,0,3,1
11,1,1,1
6,1,2,1
13,1,1,1
11,0,2,1
16,0,1,1
2,2,1,1
13,0,2,1
14,0,2,1
2,2,1,1
24,0,1,1
32,1,1,1
0,3,0,1
14,0,2,1
0,3,0,1
13,2,0,1
11,0,2,1
0,2,0,1
16,0,1,1
2,2,1,1
10,1,2,1
35,1,1,1
25,0,0,2
2,2,1,1
0,2,0,1
6,2,1,1
10,2,1,1
6,0,3,1
2,2,1,1
19,0,0,2
23,1,1,1
13,0,1,1
14,0,0,2
5,2,1,1
9,0,3,1
2,2,1,1
67,0,1,1
4,2,1,1
28,0,1,1
23,0,0,2
2,2,1,1
8,1,2,1
6,1,2,1
2,2,1,1
16,0,0,2
8,0,3,1
9,0,3,1
30,0,0,2
20,0,0,2
11,0,2,1
8,1,2,1
16,1,0,2
7,1,2,1
15,0,2,1
12,0,2,1
28,0,0,2
76,0,0,1
4,2,1,1
10,2,1,1
38,2,0,1
24,0,2,1
19,2,0,1
1,2,1,1
15,2,0,1
2,1,2,1
1,2,1,1
24,0,1,1
8,1,2,1
10,0,3,1
10,0,3,1
3,0,2,1
2,2,1,1
8,1,2,1
1,2,1,1
0,3,0,1
3,1,2,1
0,3,0,1
2,2,1,1
10,0,3,1
4,0,3,1
0,3,0,1
34,1,0,2
2,2,1,1
10,0,3,1
0,3,0,1
0,3,0,1
10,0,3,1
16,0,2,1
0,3,0,1
18,1,1,1
5,1,2,1
5,2,1,1
1,2,1,1
6,0,3,1
11,0,2,1
0,3,0,1
11,0,2,1
0,3,0,1
6,0,3,1
10,0,3,1
8,0,3,1
10,1,2,1
32,0,2,1
24,0,1,1
4,2,1,1
1,2,1,1
10,0,3,1
0,3,0,1
0,3,0,1
3,2,1,1
15,1,1,1
1,2,1,1
3,2,1,1
4,2,1,1
4,1,2,1
12,0,2,1
8,2,1,1
6,0,3,1
11,1,1,1
4,1,2,1
3,1,2,1
22,2,0,1
9,0,3,1
61,0,1,1
3,0,3,1
3,2,1,1
9,0,3,1
10,1,2,1
1,2,1,1
1,2,1,1
1,2,1,1
24,0,0,2
0,0,0,2
0,0,0,2
0,1,0,2
3,0,1,1
0,0,0,2
0,0,0,2
0,0,0,2
0,0,0,2
3,0,1,1
0,1,0,2
0,1,0,2
0,0,0,2
0,0,0,2
1,2,1,1
7,1,2,1
5,2,1,1
14,0,0,2
27,1,0,2
16,0,0,2
23,1,1,1
4,2,1,1
12,0,2,1
22,0,1,1
10,0,3,1
37,0,1,1
6,2,1,1
0,3,0,1
0,3,0,1
19,0,1,1
0,3,0,1
0,3,0,1
0,3,0,1
0,3,0,1
0,3,0,1
1,2,1,1
2,2,1,1
20,0,0,2
0,3,0,1
24,1,0,2
25,1,1,1
4,2,1,1
0,3,0,1
6,2,1,1
7,2,1,1
50,1,0,1
3,2,1,1
0,3,0,1
25,2,0,1
0,3,0,1
7,1,2,1
17,1,0,2
0,3,0,1
0,3,0,1
0,3,0,1
0,3,0,1
27,0,1,1
0,3,0,1
18,1,0,2
0,3,0,1
20,0,1,1
3,2,1,1
2,2,1,1
0,3,0,1
0,3,0,1
25,1,0,2
10,0,3,1
32,0,1,1
1,1,2,1
1,1,2,1
11,2,0,1
30,0,0,2
48,0,0,1
3,1,2,1
0,3,0,1
0,3,0,1
14,0,0,2
6,1,2,1
7,1,2,1
7,1,2,1
11,0,2,1
26,1,1,1
18,0,2,1
2,2,1,1
15,1,1,1
9,2,1,1
2,2,1,1
0,3,0,1
22,2,0,1
0,3,0,1
27,1,1,1
14,2,0,1
8,2,1,1
17,0,2,1
2,2,1,1
4,2,1,1
14,0,1,1
4,0,3,1
0,3,0,1
6,2,1,1
0,3,0,1
21,2,0,1
35,0,0,2
5,0,3,1
0,3,0,1
19,0,2,1
26,1,1,1
7,0,3,1
40,1,1,1
0,3,0,1
28,0,2,1
0,3,0,1
9,0,3,1
0,3,0,1
0,3,0,1
3,2,1,1
46,0,1,1
51,0,0,1
6,1,2,1
0,3,0,1
2,2,1,1
17,0,1,1
5,2,1,1
0,3,0,1
0,3,0,1
7,0,3,1
4,2,1,1
0,3,0,1
5,1,2,1
3,1,2,1
0,3,0,1
0,3,0,1
22,0,0,2
0,3,0,1
35,1,1,1
5,0,3,1
0,3,0,1
9,1,2,1
19,0,1,1
21,0,1,1
28,0,0,2
13,0,2,1
0,2,0,1
24,0,0,2
6,1,2,1
0,3,0,1
1,2,1,1
26,0,0,2
27,1,1,1
8,1,2,1
19,1,1,1
4,1,2,1
0,3,0,1
0,3,0,1
17,1,0,2
6,2,1,1
0,3,0,1
3,2,1,1
0,3,0,1
0,3,0,1
3,2,1,1
46,0,0,1
5,2,1,1
3,2,1,1
0,3,0,1
23,0,1,1
13,0,2,1
20,1,1,1
24,1,0,2
2,2,1,1
20,0,2,1
0,3,0,1
27,1,0,2
1,2,1,1
19,1,1,1
14,2,0,1
13,0,1,1
0,3,0,1
21,0,2,1
0,3,0,1
0,3,0,1
0,3,0,1
3,2,1,1
11,1,1,1
7,1,2,1
14,1,1,1
0,3,0,1
23,0,0,2
26,0,2,1
24,0,0,2
2,2,1,1
4,2,1,1
11,0,2,1
0,3,0,1
1,2,1,1
1,1,2,1
30,1,0,2
16,0,1,1
0,3,0,1
7,0,3,1
10,2,1,1
12,1,1,1
3,1,2,1
15,0,1,1
2,2,1,1
0,3,0,1
24,1,0,2
14,0,0,2
1,2,1,1
1,1,1,1
16,0,1,1
4,0,3,1
10,0,3,1
9,0,3,1
14,0,2,1
1,2,1,1
9,0,3,1
0,3,0,1
19,2,0,1
9,2,1,1
13,2,0,1
0,3,0,1
0,3,0,1
9,2,1,1
9,0,3,1
8,1,2,1
15,0,2,1
28,1,1,1
0,3,0,1
1,1,2,1
7,0,3,1
0,3,0,1
0,3,0,1
13,0,1,1
0,3,0,1
0,3,0,1
0,3,0,1
50,1,0,1
0,3,0,1
7,2,1,1
0,3,0,1
,,,
1,2,1,1
12,1,1,1
1,2,1,1
0,3,0,1
14,0,1,1
0,3,0,1
2,2,1,1
9,2,1,1
60,0,0,1
0,3,0,1
3,2,1,1
9,0,3,1
2,1,2,1
11,0,2,1
2,2,1,1
0,3,0,1
12,0,2,1
2,1,2,1
10,1,2,1
4,1,2,1
5,1,2,1
2,2,1,1
26,0,1,1
22,0,0,2
2,2,1,1
0,3,0,1
16,0,1,1
16,0,1,1
2,2,1,1
29,0,0,2
30,0,0,2
2,2,1,1
2,2,1,1
2,1,2,1
0,3,0,1
2,2,1,1
14,0,1,1
2,2,1,1
2,2,1,1
20,0,0,2
13,1,1,1
1,2,1,1
2,2,1,1
0,3,0,1
16,0,0,2
3,2,1,1
2,2,1,1
10,1,2,1
5,0,3,1
2,2,1,1
15,0,0,2
26,1,0,2
8,0,3,1
2,2,1,1
11,0,2,1
17,1,1,1
21,0,1,1
11,2,0,1
3,2,1,1
9,1,2,1
24,0,1,1
0,3,0,1
7,2,1,1
31,0,1,1
9,0,3,1
2,2,1,1
16,0,1,1
58,0,0,1
10,0,3,1
30,0,2,1
16,0,1,1
7,2,1,1
3,1,2,1
15,0,1,1
4,1,2,1
47,0,1,1
10,0,3,1
61,1,0,1
2,1,2,1
10,2,1,1
11,0,2,1
19,0,0,2
16,1,1,1
0,3,0,1
2,2,1,1
0,3,0,1
2,2,1,1
10,0,3,1
7,2,1,1
16,1,1,1
30,0,0,2
16,0,0,2
1,2,1,1
0,3,0,1
0,2,0,1
7,0,3,1
15,1,1,1
22,1,1,1
4,2,1,1
15,0,0,2
4,1,2,1
2,2,1,1
14,0,2,1
7,0,3,1
2,2,1,1
13,2,0,1
5,1,2,1
0,2,0,1
7,2,1,1
2,2,1,1
8,0,3,1
2,2,1,1
0,3,0,1
8,1,2,1
13,1,1,1
3,1,2,1
0,3,0,1
15,0,2,1
53,2,0,1
20,0,2,1
15,1,0,2
16,0,2,1
11,0,2,1
2,1,2,1
16,1,1,1
19,1,0,2
2,2,1,1
2,2,1,1
9,1,2,1
0,3,0,1
12,1,1,1
11,2,0,1
25,1,0,2
5,1,2,1
9,0,3,1
1,2,1,1
15,0,2,1
4,0,3,1
8,0,3,1
22,2,0,1
0,3,0,1
16,0,0,2
4,1,2,1
2,0,2,1
11,0,2,1
11,1,1,1
16,0,0,2
2,2,1,1
5,1,2,1
8,1,2,1
18,1,1,1
2,2,1,1
2,2,1,1
4,2,1,1
7,0,3,1
15,0,2,1
2,2,1,1
0,3,0,1
2,1,2,1
0,3,0,1
28,0,0,2
12,0,2,1
23,0,0,2
35,1,0,2
2,2,1,1
8,0,3,1
30,0,1,1
14,1,1,1
1,2,1,1
51,1,0,1
2,1,2,1
82,0,0,1
2,2,1,1
3,0,3,1
7,0,3,1
0,3,0,1
26,0,2,1
7,0,2,1
18,0,1,1
2,0,3,1
16,0,0,2
2,1,2,1
4,1,2,1
17,1,0,2
16,0,0,2
47,1,0,1
0,3,0,1
7,0,3,1
2,2,1,1
3,1,2,1
3,1,2,1
15,1,1,1
0,3,0,1
2,0,3,1
9,0,3,1
7,1,2,1
2,2,1,1
4,1,2,1
4,2,1,1
28,0,0,2
3,1,2,1
1,2,1,1
9,1,2,1
2,2,1,1
3,1,2,1
11,1,1,1
0,3,0,1
2,1,2,1
28,2,0,1
8,0,3,1
9,0,3,1
4,1,2,1
17,0,2,1
14,0,2,1
7,1,2,1
40,0,1,1
7,1,2,1
2,1,2,1
0,3,0,1
7,1,2,1
16,1,1,1
5,0,3,1
24,1,0,2
9,1,1,1
8,1,1,1
7,0,3,1
2,2,1,1
0,2,0,1
9,0,3,1
26,0,1,1
18,0,0,2
2,2,1,1
3,2,1,1
3,2,1,1
0,3,0,1
4,1,2,1
14,0,1,1
20,0,2,1
4,0,3,1
16,0,1,1
4,0,3,1
2,2,1,1
6,1,2,1
45,0,0,1
0,3,0,1
2,2,1,1
11,0,2,1
11,1,1,1
32,1,0,2
13,1,1,1
2,2,1,1
27,0,1,1
2,1,2,1
2,1,2,1
2,0,3,1
8,0,3,1
0,3,0,1
0,0,0,2
22,0,0,2
11,1,1,1
14,0,0,2
8,0,3,1
17,0,0,2
28,0,0,2
13,2,0,1
1,2,1,1
10,1,2,1
17,1,0,2
25,0,0,2
10,0,3,1
2,1,2,1
15,0,0,2
10,1,2,1
25,0,1,1
18,1,1,1
10,1,2,1
14,0,2,1
7,0,3,1
8,0,3,1
29,0,0,2
5,1,2,1
4,0,3,1
17,0,0,2
4,1,2,1
2,2,1,1
2,2,1,1
12,0,1,1
0,3,0,1
19,0,1,1
26,0,1,1
7,2,1,1
3,0,3,1
3,1,2,1
41,0,0,1
4,1,2,1
49,0,1,1
19,0,2,1
8,2,1,1
10,1,2,1
1,2,1,1
3,1,2,1
25,1,1,1
1,2,1,1
6,0,3,1
24,2,0,1
7,2,1,1
8,2,1,1
,,,
2,2,1,1
13,1,1,1
131,0,1,1
4,1,2,1
18,0,1,1
8,0,2,1
6,0,3,1
5,1,2,1
14,0,2,1
6,1,2,1
5,0,3,1
11,0,1,1
2,1,1,1
9,0,3,1
8,0,3,1
20,2,0,1
7,1,2,1
21,0,0,2
4,0,3,1
20,0,1,1
57,1,0,1
7,0,3,1
2,1,2,1
13,1,1,1
5,0,3,1
14,0,0,2
7,0,3,1
28,0,0,2
17,1,1,1
32,0,0,2
2,1,2,1
16,0,1,1
10,0,3,1
1,1,2,1
16,0,0,2
23,1,1,1
10,1,2,1
6,0,3,1
5,1,2,1
11,2,0,1
23,1,1,1
11,1,1,1
18,0,1,1
11,1,1,1
2,1,1,1
0,3,0,1
9,0,3,1
19,0,1,1
5,0,3,1
0,3,0,1
43,1,0,1
7,2,1,1
8,1,2,1
10,0,3,1
15,0,2,1
14,0,2,1
9,2,1,1
21,0,0,2
5,1,2,1
3,1,1,1
4,1,2,1
11,1,1,1
7,0,3,1
6,1,2,1
17,0,1,1
2,2,1,1
0,3,0,1
26,0,0,2
2,2,1,1
8,1,2,1
3,1,2,1
0,3,0,1
1,2,1,1
78,0,0,1
4,1,2,1
6,0,3,1
2,1,2,1
,,,
6,0,3,1
0,3,0,1
0,3,0,1
17,0,1,1
2,1,2,1
26,0,1,1
9,1,2,1
41,0,0,1
40,1,1,1
14,0,2,1
2,1,2,1
13,1,0,2
2,1,2,1
5,1,2,1
7,1,2,1
25,0,0,2
5,0,3,1
5,2,1,1
0,3,0,1
8,0,3,1
6,0,3,1
25,0,0,2
0,3,0,1
0,3,0,1
4,0,3,1
27,0,0,2
18,0,0,2
4,1,2,1
27,0,2,1
5,0,3,1
11,0,2,1
2,1,2,1
17,1,1,1
25,0,1,1
5,0,3,1
18,1,1,1
8,0,3,1
13,0,1,1
12,0,1,1
11,2,0,1
12,1,1,1
6,0,3,1
16,0,0,2
10,1,2,1
15,1,0,2
0,3,0,1
5,2,1,1
27,0,0,2
4,0,3,1
2,2,1,1
28,1,0,2
0,3,0,1
0,3,0,1
13,0,2,1
41,0,0,1
17,0,1,1
28,1,1,1
2,2,1,1
57,0,0,1
31,0,0,2
6,0,3,1
28,1,1,1
16,0,2,1
2,2,1,1
17,0,0,2
6,1,2,1
52,1,0,1
0,3,0,1
0,3,0,1
2,2,1,1
11,0,2,1
0,3,0,1
2,2,1,1
2,2,1,1
2,2,1,1
9,0,3,1
8,1,2,1
2,2,1,1
23,0,0,2
0,3,0,1
13,1,0,2
69,0,1,1
2,2,1,1
17,0,1,1
9,0,3,1
10,2,1,1
15,0,1,1
0,3,0,1
67,0,1,1
12,0,1,1
4,2,1,1
12,2,0,1
2,2,1,1
14,0,1,1
6,0,3,1
6,1,2,1
0,3,0,1
7,1,2,1
2,2,1,1
16,2,0,1
2,2,1,1
2,2,1,1
6,1,2,1
4,0,3,1
2,2,1,1
9,0,3,1
1,2,1,1
3,0,3,1
11,0,2,1
9,0,3,1
2,2,1,1
8,1,2,1
0,3,0,1
7,0,3,1
11,2,0,1
6,1,2,1
0,2,0,1
20,0,2,1
0,3,0,1
16,0,2,1
2,2,1,1
6,0,3,1
2,2,1,1
1,2,1,1
14,0,1,1
3,2,1,1
14,0,2,1
10,1,2,1
2,1,2,1
13,0,1,1
11,0,1,1
5,0,3,1
3,1,2,1
4,0,3,1
11,0,2,1
12,0,2,1
5,0,3,1
58,0,0,1
4,0,3,1
7,1,2,1
2,1,2,1
18,0,0,2
4,1,2,1
136,0,0,1
8,2,1,1
29,1,0,2
14,0,1,1
14,1,0,2
3,2,1,1
24,0,0,2
9,2,1,1
0,3,0,1
11,0,1,1
0,3,0,1
12,0,2,1
12,0,1,1
11,0,1,1
11,1,1,1
2,2,1,1
16,0,2,1
0,3,0,1
7,1,2,1
6,1,2,1
6,1,2,1
6,1,2,1
6,2,1,1
19,0,2,1
3,1,2,1
,,,
18,2,0,1
7,2,1,1
9,0,3,1
0,3,0,1
7,1,2,1
9,1,2,1
0,3,0,1
3,0,3,1
5,2,1,1
3,2,1,1
11,1,1,1
1,2,1,1
8,2,1,1
6,0,3,1
13,1,0,2
6,2,1,1
2,1,1,1
12,0,2,1
7,0,3,1
6,1,2,1
10,2,1,1
12,1,0,2
2,2,1,1
0,3,0,1
12,2,0,1
0,3,0,1
16,1,0,2
10,0,3,1
7,1,2,1
9,1,2,1
2,2,1,1
22,1,1,1
0,3,0,1
6,2,1,1
2,1,2,1
6,0,3,1
6,1,2,1
5,1,2,1
3,1,2,1
6,1,2,1
2,2,1,1
4,0,3,1
6,2,1,1
13,2,0,1
13,0,2,1
0,3,0,1
7,0,3,1
18,1,0,2
0,3,0,1
1,2,1,1
8,2,1,1
2,1,2,1
14,0,1,1
1,2,1,1
5,2,1,1
4,1,2,1
17,0,0,2
8,0,3,1
7,0,2,1
4,2,1,1
11,1,1,1
8,2,1,1
30,0,1,1
7,0,3,1
2,2,1,1
10,0,3,1
10,1,2,1
13,0,2,1
0,3,0,1
11,0,2,1
5,2,1,1
13,0,2,1
4,2,1,1
13,0,2,1
14,1,1,1
17,0,2,1
3,2,1,1
0,3,0,1
30,0,0,2
24,0,0,2
13,0,0,2
3,2,1,1
6,0,3,1
0,3,0,1
6,0,3,1
0,3,0,1
20,0,1,1
14,0,1,1
12,0,1,1
2,1,2,1
15,0,1,1
4,1,2,1
5,2,1,1
24,0,1,1
0,3,0,1
2,2,1,1
0,3,0,1
13,0,2,1
2,2,1,1
6,0,3,1
15,2,0,1
61,0,1,1
2,2,1,1
27,0,1,1
14,1,1,1
12,1,1,1
4,1,2,1
19,0,0,2
4,2,1,1
3,2,1,1
11,1,1,1
1,2,1,1
2,2,1,1
12,1,1,1
2,2,1,1
0,3,0,1
11,0,2,1
2,2,1,1
8,0,3,1
11,2,0,1
12,0,2,1
22,0,2,1
5,1,2,1
0,3,0,1
3,1,2,1
0,3,0,1
0,3,0,1
1,1,2,1
26,0,1,1
39,0,1,1
33,0,1,1
2,1,2,1
1,2,1,1
0,3,0,1
25,1,0,2
24,0,0,2
0,3,0,1
7,0,3,1
12,1,1,1
1,2,1,1
3,2,1,1
7,2,1,1
14,1,0,2
10,0,3,1
2,1,2,1
1,2,1,1
3,1,2,1
1,2,1,1
4,1,2,1
10,0,3,1
2,2,1,1
1,2,1,1
0,3,0,1
18,1,0,2
13,1,1,1
2,2,1,1
33,0,0,2
12,0,2,1
4,1,2,1
11,0,2,1
27,2,0,1
28,1,0,2
0,3,0,1
21,1,1,1
2,1,2,1
1,2,1,1
4,0,3,1
8,0,3,1
10,0,3,1
12,2,0,1
5,0,3,1
1,2,1,1
8,1,2,1
11,1,1,1
1,2,1,1
6,1,2,1
10,0,3,1
14,0,1,1
5,2,1,1
3,1,2,1
3,2,1,1
2,1,2,1
23,0,1,1
0,3,0,1
4,1,2,1
7,1,2,1
10,2,1,1
7,0,3,1
1,2,1,1
1,2,1,1
1,2,1,1
7,0,3,1
1,2,1,1
1,2,1,1
10,1,2,1
4,1,2,1
12,0,2,1
0,3,0,1
3,0,3,1
3,1,2,1
20,0,2,1
9,1,2,1
3,2,1,1
85,0,0,1
23,1,1,1
1,2,1,1
1,0,1,1
0,0,0,2
0,0,0,2
0,0,0,2
0,1,0,2
0,1,0,2
0,0,0,2
7,0,1,1
0,1,0,2
0,0,0,2
0,1,0,2
0,0,0,2
0,1,0,2
0,0,0,2
8,0,1,1
0,1,0,2
0,0,0,2
0,0,0,2
0,1,0,2
0,0,0,2
8,0,1,1
0,0,0,2
0,0,0,2
0,0,0,2
0,1,0,2
0,2,0,1
0,0,0,2
0,0,0,2
0,0,0,2
0,0,0,2
0,0,0,2
0,0,0,2
0,0,0,2
0,0,0,2
1,0,1,1
0,0,0,2
0,0,0,2
12,0,0,2
16,2,0,1
21,0,0,2
29,0,0,2
16,0,0,2
0,3,0,1
0,3,0,1
23,1,1,1
21,1,0,2
10,1,2,1
9,0,3,1
0,3,0,1
23,2,0,1
1,2,1,1
19,0,0,2
1,2,1,1
2,2,1,1
20,1,0,2
9,1,2,1
2,2,1,1
5,2,1,1
6,1,2,1
0,3,0,1
2,2,1,1
16,0,1,1
51,0,1,1
24,0,1,1
0,3,0,1
2,2,1,1
0,3,0,1
0,3,0,1
7,1,2,1
2,0,1,1
3,2,1,1
9,1,2,1
0,3,0,1
4,1,2,1
24,1,0,2
9,2,1,1
4,2,1,1
27,0,1,1
10,2,1,1
18,1,1,1
5,2,1,1
1,1,1,1
20,0,1,1
0,3,0,1
16,1,1,1
2,1,2,1
13,0,2,1
0,3,0,1
0,3,0,1
7,0,2,1
3,0,3,1
0,3,0,1
3,1,2,1
0,3,0,1
0,3,0,1
2,2,1,1
9,1,2,1
0,3,0,1
14,0,0,2
6,1,2,1
18,0,2,1
0,3,0,1
10,0,3,1
4,0,3,1
17,0,2,1
2,1,2,1
14,0,2,1
0,3,0,1
15,0,2,1
0,3,0,1
2,2,1,1
2,1,2,1
2,2,1,1
0,3,0,1
0,3,0,1
27,0,2,1
16,1,0,2
1,2,1,1
3,1,2,1
14,0,1,1
2,2,1,1
3,0,3,1
20,2,0,1
37,0,0,1
21,1,0,2
9,0,3,1
2,2,1,1
26,1,1,1
9,1,2,1
3,2,1,1
28,0,1,1
2,1,2,1
9,0,3,1
18,2,0,1
9,2,1,1
8,1,2,1
46,0,0,1
51,0,0,1
2,2,1,1
0,3,0,1
18,0,1,1
9,1,2,1
0,3,0,1
3,0,3,1
7,0,3,1
11,2,0,1
0,3,0,1
6,0,3,1
6,2,1,1
22,0,0,2
11,2,0,1
10,0,3,1
19,0,1,1
13,0,2,1
20,0,0,2
9,1,2,1
22,0,0,2
27,1,1,1
9,1,2,1
21,1,1,1
27,1,1,1
2,1,2,1
28,0,1,1
2,0,3,1
30,2,0,1
0,3,0,1
2,2,1,1
2,2,1,1
5,0,3,1
20,2,0,1
0,3,0,1
1,2,1,1
2,2,1,1
14,2,0,1
21,0,2,1
5,0,2,1
13,0,2,1
3,1,2,1
2,1,2,1
27,0,0,2
23,2,0,1
13,0,0,2
0,3,0,1
5,2,1,1
2,2,1,1
3,2,1,1
61,0,0,1
0,3,0,1
2,2,1,1
21,0,2,1
10,1,2,1
7,0,3,1
21,0,0,2
26,0,0,2
5,1,2,1
11,0,2,1
28,0,2,1
0,3,0,1
8,1,2,1
12,0,1,1
2,2,1,1
0,3,0,1
7,0,3,1
3,1,2,1
53,1,0,1
12,1,1,1
0,3,0,1
0,3,0,1
2,2,1,1
2,0,3,1
9,1,2,1
15,0,1,1
4,1,2,1
24,0,0,2
0,3,0,1
14,0,0,2
11,0,2,1
9,0,3,1
11,0,2,1
7,1,2,1
12,1,1,1
9,0,3,1
2,2,1,1
12,1,1,1
0,3,0,1
9,1,2,1
8,1,2,1
15,0,2,1
18,2,0,1
4,1,2,1
34,1,0,2
6,2,1,1
13,0,1,1
2,2,1,1
12,0,2,1
28,1,0,2
5,2,1,1
12,0,1,1
12,1,1,1
0,3,0,1
2,1,2,1
15,0,0,2
0,3,0,1
2,1,2,1
1,1,1,1
2,2,1,1
11,0,2,1
10,0,3,1
14,0,2,1
6,1,2,1
0,3,0,1
7,1,2,1
18,0,1,1
1,2,1,1
22,0,0,2
11,2,0,1
4,2,1,1
3,1,2,1
25,0,0,2
2,2,1,1
16,0,2,1
29,0,0,2
14,1,1,1
6,1,2,1
12,0,2,1
3,1,2,1
6,1,2,1
14,0,1,1
2,2,1,1
4,2,1,1
0,3,0,1
0,3,0,1
2,2,1,1
4,1,2,1
22,0,0,2
0,3,0,1
76,0,0,1
0,3,0,1
2,2,1,1
2,2,1,1
2,2,1,1
12,0,2,1
11,2,0,1
15,0,2,1
4,1,2,1
18,0,0,2
0,3,0,1
38,1,1,1
8,0,3,1
22,0,1,1
15,0,1,1
2,2,1,1
11,1,1,1
0,3,0,1
89,0,0,1
9,0,3,1
21,0,2,1
24,0,2,1
4,1,2,1
0,3,0,1
7,1,2,1
18,2,0,1
13,0,1,1
4,2,1,1
9,0,3,1
16,0,1,1
10,0,3,1
27,0,0,2
19,1,1,1
53,0,0,1
5,0,3,1
19,0,1,1
4,2,1,1
4,0,3,1
1,2,1,1
1,2,1,1
14,0,2,1
0,3,0,1
5,0,3,1
3,1,2,1
11,0,2,1
3,1,1,1
16,0,1,1
4,2,1,1
4,2,1,1
4,2,1,1
8,2,1,1
0,3,0,1
62,1,0,1
22,0,1,1
19,0,0,2
32,0,0,2
75,0,0,1
18,0,0,2
6,1,2,1
58,0,0,1
4,1,2,1
1,1,2,1
11,2,0,1
15,1,0,2
89,0,0,1
36,0,1,1
6,1,2,1
2,1,2,1
15,0,0,2
3,1,2,1
6,0,3,1
10,0,3,1
5,1,2,1
2,1,2,1
7,1,2,1
5,1,2,1
8,0,3,1
4,2,1,1
9,1,1,1
11,0,2,1
19,1,0,2
2,2,1,1
0,3,0,1
8,0,3,1
75,0,0,1
24,0,1,1
0,3,0,1
18,0,1,1
11,0,2,1
15,0,2,1
16,0,1,1
11,0,2,1
16,1,0,2
21,1,1,1
2,2,1,1
2,2,1,1
4,1,2,1
4,1,2,1
11,2,0,1
14,1,0,2
21,1,1,1
2,2,1,1
4,1,2,1
37,0,2,1
9,0,3,1
15,2,0,1
0,3,0,1
10,2,1,1
14,0,2,1
25,2,0,1
10,1,2,1
37,0,1,1
0,3,0,1
4,2,1,1
31,0,1,1
22,0,0,2
39,0,1,1
13,0,2,1
0,3,0,1
12,0,1,1
0,3,0,1
0,3,0,1
16,0,0,2
8,0,3,1
18,1,0,2
0,3,0,1
2,1,2,1
3,0,3,1
2,1,2,1
25,2,0,1
8,0,3,1
4,1,2,1
2,2,1,1
28,0,0,2
9,0,3,1
16,1,1,1
22,0,0,2
35,0,1,1
7,1,2,1
78,0,0,1
8,0,3,1
2,2,1,1
2,2,1,1
30,0,1,1
20,1,0,2
2,2,1,1
6,1,2,1
2,2,1,1
76,0,0,1
4,1,2,1
7,0,3,1
15,0,2,1
12,0,2,1
12,0,2,1
20,0,0,2
2,2,1,1
1,2,1,1
8,0,3,1
16,0,0,2
28,0,0,2
16,0,0,2
11,2,0,1
11,0,2,1
7,0,3,1
8,2,1,1
7,0,3,1
9,0,3,1
2,1,2,1
7,0,3,1
50,0,0,1
7,1,2,1
2,2,1,1
11,2,0,1
28,0,0,2
4,2,1,1
32,1,0,2
11,0,2,1
11,0,2,1
7,2,1,1
7,0,3,1
25,2,0,1
7,0,3,1
25,0,2,1
2,2,1,1
0,3,0,1
10,0,3,1
2,1,2,1
14,0,1,1
2,2,1,1
7,1,2,1
2,2,1,1
7,0,3,1
2,2,1,1
0,3,0,1
2,2,1,1
21,1,1,1
5,2,1,1
16,0,2,1
5,0,3,1
40,0,1,1
24,0,0,2
2,1,2,1
8,0,3,1
5,2,1,1
12,0,2,1
2,2,1,1
18,0,0,2
7,1,2,1
4,0,3,1
2,2,1,1
21,0,1,1
2,2,1,1
3,2,1,1
16,0,1,1
2,2,1,1
5,0,3,1
7,0,3,1
2,0,3,1
25,0,1,1
2,1,2,1
15,0,1,1
32,0,0,2
2,2,1,1
0,3,0,1
13,1,0,2
3,2,1,1
5,1,2,1
3,1,2,1
21,0,0,2
11,0,2,1
2,1,2,1
13,0,0,2
10,0,3,1
10,0,3,1
1,2,1,1
37,0,2,1
12,1,1,1
13,1,0,2
1,2,1,1
10,0,3,1
23,1,1,1
17,0,0,2
29,0,0,2
1,1,2,1
6,0,3,1
2,1,2,1
16,0,0,2
5,0,3,1
2,0,3,1
25,0,1,1
18,0,1,1
2,1,2,1
2,2,1,1
16,0,2,1
15,1,1,1
10,0,3,1
7,1,2,1
29,0,0,2
20,0,2,1
2,2,1,1
2,1,2,1
13,0,1,1
66,0,1,1
0,3,0,1
7,0,3,1
4,1,1,1
7,1,2,1
14,0,0,2
19,0,1,1
26,0,0,2
2,0,3,1
3,0,3,1
5,2,1,1
5,1,2,1
2,1,2,1
2,1,2,1
8,0,3,1
2,1,2,1
2,1,2,1
19,0,2,1
2,0,3,1
10,0,3,1
2,1,2,1
9,1,2,1
5,1,2,1
2,2,1,1
2,1,2,1
0,3,0,1
3,1,2,1
5,2,1,1
0,3,0,1
6,0,3,1
2,1,2,1
7,0,3,1
4,0,3,1
0,3,0,1
0,3,0,1
2,1,2,1
6,1,2,1
1,1,2,1
13,0,2,1
5,0,3,1
2,1,2,1
43,0,0,1
20,0,0,2
2,2,1,1
9,0,3,1
4,1,1,1
2,2,1,1
16,0,1,1
0,3,0,1
7,0,3,1
2,0,3,1
6,0,3,1
11,0,2,1
9,0,3,1
9,0,3,1
8,0,3,1
43,0,1,1
3,1,2,1
2,1,2,1
0,3,0,1
13,1,1,1
21,0,0,2
6,0,3,1
2,1,2,1
22,0,0,2
8,0,3,1
2,2,1,1
2,1,2,1
4,0,3,1
17,0,1,1
6,0,3,1
8,0,3,1
13,0,0,2
18,1,1,1
2,2,1,1
4,2,1,1
2,1,2,1
22,0,0,2
10,0,3,1
,,,
23,0,1,1
2,1,2,1
2,2,1,1
2,1,2,1
6,0,3,1
0,3,0,1
14,1,1,1
13,0,2,1
2,1,2,1
2,0,3,1
11,1,1,1
17,0,1,1
14,0,1,1
20,1,0,2
10,1,2,1
11,1,1,1
9,0,3,1
19,0,2,1
2,1,2,1
6,0,3,1
17,2,0,1
4,2,1,1
4,1,2,1
0,3,0,1
43,0,0,1
11,0,2,1
6,0,3,1
0,3,0,1
14,0,1,1
10,1,2,1
0,2,0,1
18,0,0,2
5,0,3,1
6,1,2,1
0,3,0,1
2,2,1,1
10,0,3,1
1,2,1,1
2,1,2,1
20,2,0,1
11,0,2,1
13,0,2,1
11,0,2,1
15,0,2,1
7,1,2,1
28,1,1,1
10,2,1,1
26,0,0,2
7,1,2,1
,,,
2,1,2,1
1,2,1,1
2,1,2,1
1,2,1,1
1,2,1,1
12,1,1,1
2,1,2,1
6,1,2,1
26,0,1,1
2,1,2,1
9,0,3,1
41,0,0,1
10,0,3,1
7,0,3,1
2,1,2,1
13,1,0,2
6,0,3,1
7,0,3,1
4,0,3,1
10,1,2,1
25,0,0,2
2,0,3,1
6,0,3,1
82,0,0,1
8,0,3,1
2,2,1,1
2,0,3,1
11,2,0,1
3,2,1,1
4,0,3,1
2,1,2,1
2,2,1,1
3,0,3,1
2,2,1,1
18,0,0,2
0,3,0,1
27,0,2,1
17,0,2,1
0,3,0,1
6,0,3,1
2,0,3,1
17,0,1,1
2,2,1,1
0,3,0,1
27,0,0,2
2,1,2,1
13,0,2,1
9,1,2,1
18,0,2,1
2,1,2,1
8,0,3,1
13,0,1,1
24,0,1,1
6,0,3,1
18,0,0,2
8,0,3,1
10,1,2,1
29,0,0,2
1,2,1,1
5,2,1,1
35,0,0,2
4,0,3,1
4,2,1,1
28,0,0,2
3,2,1,1
13,0,1,1
1,2,1,1
41,0,0,1
13,0,2,1
5,1,2,1
1,1,1,1
16,0,1,1
57,0,0,1
6,0,3,1
12,0,2,1
11,1,1,1
17,0,0,2
6,1,2,1
21,1,1,1
9,2,1,1
0,3,0,1
6,2,1,1
1,2,1,1
4,2,1,1
2,2,1,1
9,0,3,1
10,0,3,1
8,1,2,1
19,0,0,2
2,2,1,1
8,2,1,1
2,2,1,1
13,0,1,1
8,0,3,1
15,0,2,1
1,2,1,1
4,2,1,1
1,2,1,1
1,2,1,1
11,0,2,1
10,1,2,1
1,2,1,1
66,0,1,1
14,0,2,1
9,0,3,1
6,1,2,1
5,2,1,1
0,2,0,1
1,2,1,1
16,1,1,1
4,2,1,1
6,0,3,1
10,0,3,1
8,0,3,1
6,0,3,1
5,0,3,1
7,0,3,1
5,2,1,1
16,1,1,1
27,1,0,2
5,2,1,1
8,0,3,1
4,2,1,1
2,2,1,1
20,0,1,1
10,2,1,1
16,0,1,1
3,1,2,1
14,0,1,1
5,1,2,1
1,2,1,1
0,3,0,1
1,2,1,1
12,1,1,1
8,1,2,1
11,0,1,1
11,0,2,1
4,1,2,1
9,0,3,1
,,,
2,2,1,1
12,0,2,1
4,0,3,1
2,2,1,1
29,0,2,1
11,1,1,1
19,0,0,2
0,3,0,1
8,0,3,1
22,0,0,2
3,1,2,1
29,1,0,2
3,2,1,1
16,0,1,1
14,0,1,1
4,2,1,1
11,2,0,1
11,0,1,1
9,2,1,1
12,0,1,1
11,0,2,1
10,1,2,1
1,2,1,1
6,0,3,1
8,2,1,1
7,1,2,1
1,2,1,1
6,1,2,1
8,0,3,1
12,0,2,1
6,1,2,1
10,1,2,1
1,2,1,1
19,0,2,1
3,1,2,1
4,1,2,1
8,0,3,1
3,1,2,1
3,2,1,1
11,1,1,1
3,1,2,1
2,1,2,1
8,1,2,1
6,0,3,1
2,2,1,1
13,0,1,1
18,1,1,1
24,0,0,2
26,1,1,1
12,0,2,1
9,0,3,1
9,2,1,1
11,1,1,1
12,1,1,1
25,1,0,2
9,0,3,1
1,2,1,1
8,1,2,1
6,1,2,1
12,2,0,1
23,2,0,1
3,1,2,1
6,0,3,1
1,2,1,1
4,1,2,1
4,1,2,1
10,0,3,1
3,2,1,1
23,0,0,2
5,0,3,1
13,1,0,2
66,0,0,1
16,1,0,2
20,0,1,1
7,0,3,1
18,0,0,2
10,2,1,1
29,1,1,1
6,1,2,1
3,1,2,1
14,0,0,2
0,3,0,1
8,1,2,1
5,1,2,1
26,0,0,2
8,0,3,1
7,0,3,1
1,2,1,1
1,2,1,1
5,2,1,1
30,0,0,2
11,0,2,1
6,1,2,1
13,0,2,1
11,0,2,1
32,0,1,1
13,0,2,1
13,0,2,1
14,0,1,1
8,0,3,1
78,0,0,1
5,2,1,1
1,1,2,1
30,0,0,2
1,2,1,1
13,0,0,2
3,2,1,1
15,0,2,1
16,0,1,1
14,0,0,2
13,0,1,1
4,0,3,1
7,1,2,1
15,0,0,2
5,1,2,1
50,1,0,1
10,2,1,1
19,0,1,1
9,2,1,1
6,0,3,1
15,1,1,1
4,2,1,1
14,1,1,1
17,0,2,1
2,1,2,1
7,2,1,1
18,0,1,1
12,1,1,1
15,2,0,1
0,3,0,1
3,2,1,1
10,2,1,1
3,1,2,1
11,0,2,1
13,1,1,1
61,2,0,1
24,2,0,1
0,3,0,1
2,1,2,1
6,0,3,1
10,1,2,1
3,2,1,1
26,0,0,2
8,0,3,1
5,1,2,1
13,1,1,1
5,0,3,1
26,0,2,1
3,1,2,1
10,0,3,1
2,2,1,1
16,0,2,1
10,1,2,1
16,1,0,2
13,0,1,1
9,1,2,1
6,0,3,1
33,0,0,2
12,0,2,1
11,0,2,1
27,1,1,1
3,1,2,1
3,1,2,1
8,0,3,1
10,0,3,1
9,0,3,1
7,2,1,1
9,0,3,1
8,0,3,1
13,1,0,2
3,1,2,1
2,2,1,1
0,3,0,1
9,0,3,1
12,0,1,1
9,1,2,1
13,1,1,1
5,1,2,1
23,0,0,2
0,3,0,1
7,0,3,1
2,2,1,1
10,0,3,1
23,0,1,1
9,1,2,1
0,3,0,1
14,0,2,1
2,0,3,1
2,1,2,1
5,2,1,1
24,1,1,1
4,1,2,1
12,0,2,1
20,2,0,1
1,1,1,1
20,0,1,1
2,1,2,1
24,1,1,1
23,0,1,1
2,1,2,1
8,2,1,1
0,0,0,2
0,0,0,2
5,1,2,1
17,0,0,2
0,0,0,2
71,1,0,0
71,0,1,0
71,0,1,0
71,0,1,0
70,0,1,0
91,1,0,0
73,0,0,0
71,0,1,0
79,0,0,0
73,0,1,0
71,0,1,0
70,1,1,0
70,0,0,0
90,0,0,0
73,0,0,0
90,0,0,0
91,1,1,0
81,0,0,0
71,0,1,0
81,0,0,0
81,0,0,0
79,0,0,0
73,0,0,0
73,0,0,0
71,2,0,0
73,0,0,0
230,1,0,0
230,1,1,0
201,2,0,0
70,0,1,0
70,0,1,0
81,0,0,0
81,0,0,0
201,1,1,0
73,0,0,0
73,0,0,0
81,0,0,0
70,0,1,0
73,0,0,0
91,0,0,0
90,0,0,0
92,0,1,0
90,2,0,0
73,0,0,0
71,0,0,0
81,0,0,0
90,1,0,0
79,0,0,0
73,0,0,0
70,0,1,0
73,0,0,0
70,0,1,0
71,0,1,0
91,0,0,0
70,0,1,0
81,0,0,0
91,1,0,0
70,0,1,0
70,0,1,0
79,0,0,0
70,0,1,0
92,1,0,0
90,0,0,0
70,0,1,0
92,0,1,0
81,0,0,0
90,0,0,0
81,0,0,0
92,0,1,0
71,0,1,0
71,0,1,0
92,1,0,0
91,1,0,0
81,1,1,0
79,0,0,0
92,2,0,0
73,0,0,0
96,1,1,0
73,0,0,0
79,0,1,0
81,0,0,0
71,0,1,0
91,1,0,0
246,1,1,0
73,0,0,0
91,0,0,0
79,0,0,0
81,0,0,0
91,0,0,0
246,1,0,0
81,0,0,0
92,1,0,0
70,0,1,0
92,1,0,0
81,0,0,0
73,0,0,0
81,0,0,0
92,2,0,0
81,0,0,0
102,0,0,0
79,0,0,0
73,0,0,0
81,0,0,0
102,0,0,0
90,0,0,0
92,0,1,0
71,1,1,0
91,1,0,0
91,1,0,0
91,1,0,0
163,1,1,0
91,0,1,0
71,0,1,0
91,0,0,0
91,0,0,0
73,0,0,0
73,0,0,0
81,0,0,0
92,1,0,0
70,0,1,0
79,1,1,0
92,1,1,0
70,0,0,0
91,0,0,0
92,0,1,0
79,0,0,0
92,2,0,0
81,0,0,0
73,0,0,0
79,0,0,0
79,0,0,0
81,0,0,0
90,0,0,0
71,0,1,0
92,1,0,0
70,0,1,0
92,1,1,0
102,1,0,0
81,0,0,0
79,0,0,0
79,0,0,0
313,1,0,0
73,0,0,0
81,0,0,0
313,1,1,0
90,1,1,0
81,0,0,0
96,0,1,0
98,1,1,0
92,0,1,0
79,0,0,0
73,0,0,0
79,1,0,0
91,1,0,0
90,0,0,0
91,2,0,0
73,0,0,0
70,0,1,0
91,1,0,0
91,1,1,0
79,0,0,0
90,0,0,0
81,0,0,0
73,0,0,0
79,0,0,0
79,0,0,0
73,0,0,0
92,1,0,0
81,0,0,0
92,1,0,0
92,1,0,0
92,1,0,0
71,0,1,0
70,0,1,0
90,0,0,0
92,1,0,0
70,1,0,0
147,1,1,0
90,0,0,0
173,1,0,0
485,1,1,0
79,0,0,0
81,0,0,0
92,1,0,0
91,0,1,0
70,0,1,0
71,0,1,0
73,0,0,0
173,1,1,0
92,1,0,0
79,0,0,0
91,0,0,0
91,0,0,0
91,0,1,0
90,0,0,0
93,1,1,0
91,0,0,0
71,0,1,0
73,0,1,0
81,0,0,0
73,0,0,0
73,0,0,0
90,0,1,0
79,0,0,0
90,1,0,0
73,0,0,0
73,0,0,0
313,0,1,0
71,0,0,0
91,0,0,0
70,0,1,0
81,0,0,0
79,0,0,0
70,0,1,0
91,0,0,0
244,1,1,0
73,0,0,0
244,1,0,0
230,0,0,0
70,0,1,0
90,0,0,0
70,0,1,0
73,1,0,0
90,0,0,0
81,1,0,0
81,0,0,0
81,0,0,0
71,0,1,0
81,0,0,0
70,0,1,0
71,0,1,0
92,0,1,0
81,0,0,0
91,2,0,0
71,0,1,0
71,0,1,0
71,0,1,0
71,0,1,0
81,0,0,0
73,0,0,0
246,0,0,0
73,0,0,0
70,0,1,0
79,0,0,0
73,0,0,0
81,0,0,0
79,1,0,0
73,0,0,0
73,0,0,0
71,0,1,0
79,0,0,0
92,2,0,0
73,0,0,0
91,0,0,0
81,0,0,0
73,0,1,0
81,0,0,0
71,0,1,0
92,0,1,0
81,0,0,0
73,0,0,0
81,0,0,0
71,0,1,0
92,1,0,0
92,0,0,0
73,0,0,0
71,1,1,0
274,1,0,0
81,0,0,0
79,2,0,0
71,0,1,0
274,1,1,0
79,0,0,0
71,0,1,0
73,0,0,0
73,0,0,0
79,1,1,0
90,0,0,0
79,0,0,0
92,1,0,0
81,0,0,0
92,1,0,0
90,0,0,0
90,0,0,0
81,0,0,0
79,0,0,0
70,0,1,0
92,0,1,0
70,0,1,0
71,0,1,0
73,0,0,0
92,2,0,0
91,0,0,0
71,0,1,0
90,0,0,0
81,0,0,0
81,0,1,0
73,0,0,0
81,0,0,0
90,1,0,0
159,1,1,0
81,0,0,0
73,0,0,0
81,0,0,0
79,0,0,0
70,0,1,0
92,1,0,0
91,0,0,0
102,1,1,0
73,0,0,0
92,1,0,0
79,0,0,0
71,0,1,0
81,0,0,0
73,0,0,0
73,0,0,0
79,0,0,0
92,1,0,0
92,0,0,0
92,1,0,0
90,0,0,0
79,0,0,0
90,0,0,0
79,0,0,0
81,0,0,0
92,0,1,0
81,0,0,0
92,0,1,0
81,0,0,0
90,0,0,0
81,0,0,0
81,0,0,0
81,0,0,0
92,1,0,0
90,2,0,0
70,0,0,0
70,0,1,0
92,1,0,0
79,0,0,0
70,0,1,0
91,0,0,0
81,0,0,0
92,2,0,0
79,0,0,0
70,0,1,0
92,0,1,0
177,1,1,0
91,1,0,0
92,1,0,0
91,0,0,0
119,1,0,0
70,0,1,0
119,1,1,0
90,1,0,0
90,1,0,0
73,1,0,0
91,0,0,0
90,0,0,0
70,0,1,0
92,1,0,0
70,0,1,0
96,0,1,0
96,0,0,0
79,0,0,0
96,0,0,0
81,0,0,0
90,0,1,0
81,0,0,0
71,0,1,0
70,1,0,0
90,0,0,0
70,0,1,0
81,0,0,0
81,0,0,0
81,0,0,0
79,0,0,0
91,1,0,0
70,0,1,0
90,0,0,0
71,0,1,0
70,0,1,0
79,0,0,0
307,1,1,0
81,0,0,0
81,0,0,0
307,1,0,0
91,0,0,0
98,1,0,0
81,0,0,0
91,2,0,0
79,0,0,0
92,1,0,0
90,0,0,0
71,0,1,0
92,1,0,0
81,0,0,0
79,0,0,0
90,0,0,0
91,0,0,0
90,0,0,0
70,0,1,0
90,0,1,0
91,0,0,0
71,0,1,0
81,0,0,0
92,1,0,0
79,0,0,0
123,1,1,0
81,0,0,0
90,0,0,0
71,0,1,0
70,0,1,0
71,0,1,0
81,0,0,0
79,0,0,0
112,1,0,0
70,0,1,0
79,0,0,0
112,1,1,0
90,1,0,0
79,0,0,0
91,1,0,0
81,0,0,0
71,0,1,0
90,0,1,0
79,0,0,0
90,0,0,0
92,1,0,0
71,0,1,0
81,0,0,0
81,0,0,0
71,0,1,0
71,0,1,0
92,1,0,0
79,0,0,0
92,1,0,0
71,1,1,0
92,0,0,0
71,0,1,0
79,0,0,0
81,0,0,0
92,1,0,0
90,2,0,0
73,0,0,0
91,0,0,0
70,0,1,0
71,0,1,0
273,1,1,0
71,0,1,0
73,0,0,0
71,0,1,0
73,1,1,0
71,0,1,0
71,0,0,0
81,0,0,0
92,1,0,0
90,0,0,0
96,0,0,0

